L,N,J,V,W,hdimers,unconstrained,energy,avrgcorr,id,label
12,9,1,4,1.0e-8,1,false,4.0,0.008027667985165809,"1, 4.0","(a) constrained, $L=12$"
12,9,1,4,1.0e-8,1,false,5.0,0.015294340500841767,"1, 5.0","(a) constrained, $L=12$"
12,9,1,4,1.0e-8,0,false,4.0,0.013305886611724067,"0, 4.0","(a) constrained, $L=12$"
12,9,1,4,1.0e-8,2,false,4.0,0.02120718548094398,"2, 4.0","(a) constrained, $L=12$"
12,9,1,4,1.0e-8,1,false,2.0,0.023996796971990662,"1, 2.0","(a) constrained, $L=12$"
12,9,1,4,1.0e-8,0,false,0.0,0.9999999976505594,"0, 0.0","(a) constrained, $L=12$"
12,9,1,4,1.14e-8,1,false,4.0,0.008027667986934658,"1, 4.0","(a) constrained, $L=12$"
12,9,1,4,1.14e-8,1,false,5.0,0.015294340499173893,"1, 5.0","(a) constrained, $L=12$"
12,9,1,4,1.14e-8,0,false,4.0,0.013305885513537603,"0, 4.0","(a) constrained, $L=12$"
12,9,1,4,1.14e-8,2,false,4.0,0.021207177099844172,"2, 4.0","(a) constrained, $L=12$"
12,9,1,4,1.14e-8,1,false,2.0,0.023996797487780618,"1, 2.0","(a) constrained, $L=12$"
12,9,1,4,1.14e-8,0,false,0.0,0.9999999986243542,"0, 0.0","(a) constrained, $L=12$"
12,9,1,4,1.29e-8,1,false,4.0,0.008027667989282566,"1, 4.0","(a) constrained, $L=12$"
12,9,1,4,1.29e-8,1,false,5.0,0.01529434049701943,"1, 5.0","(a) constrained, $L=12$"
12,9,1,4,1.29e-8,0,false,4.0,0.013305884081012551,"0, 4.0","(a) constrained, $L=12$"
12,9,1,4,1.29e-8,2,false,4.0,0.0212071661982703,"2, 4.0","(a) constrained, $L=12$"
12,9,1,4,1.29e-8,1,false,2.0,0.023996797977558566,"1, 2.0","(a) constrained, $L=12$"
12,9,1,4,1.29e-8,0,false,0.0,0.9999999977205403,"0, 0.0","(a) constrained, $L=12$"
12,9,1,4,1.46e-8,1,false,4.0,0.00802766799198743,"1, 4.0","(a) constrained, $L=12$"
12,9,1,4,1.46e-8,1,false,5.0,0.015294340494212237,"1, 5.0","(a) constrained, $L=12$"
12,9,1,4,1.46e-8,0,false,4.0,0.013305882257101578,"0, 4.0","(a) constrained, $L=12$"
12,9,1,4,1.46e-8,2,false,4.0,0.021207152330164233,"2, 4.0","(a) constrained, $L=12$"
12,9,1,4,1.46e-8,1,false,2.0,0.023996798406583277,"1, 2.0","(a) constrained, $L=12$"
12,9,1,4,1.46e-8,0,false,0.0,0.9999999977174067,"0, 0.0","(a) constrained, $L=12$"
12,9,1,4,1.66e-8,1,false,4.0,0.008027667995647426,"1, 4.0","(a) constrained, $L=12$"
12,9,1,4,1.66e-8,1,false,5.0,0.015294340490639583,"1, 5.0","(a) constrained, $L=12$"
12,9,1,4,1.66e-8,0,false,4.0,0.01330587989113581,"0, 4.0","(a) constrained, $L=12$"
12,9,1,4,1.66e-8,2,false,4.0,0.021207134377608218,"2, 4.0","(a) constrained, $L=12$"
12,9,1,4,1.66e-8,1,false,2.0,0.0239967987042046,"1, 2.0","(a) constrained, $L=12$"
12,9,1,4,1.66e-8,0,false,0.0,0.9999999988366568,"0, 0.0","(a) constrained, $L=12$"
12,9,1,4,1.89e-8,1,false,4.0,0.00802766800030191,"1, 4.0","(a) constrained, $L=12$"
12,9,1,4,1.89e-8,1,false,5.0,0.015294340486119499,"1, 5.0","(a) constrained, $L=12$"
12,9,1,4,1.89e-8,0,false,4.0,0.013305876842499413,"0, 4.0","(a) constrained, $L=12$"
12,9,1,4,1.89e-8,2,false,4.0,0.02120711127821045,"2, 4.0","(a) constrained, $L=12$"
12,9,1,4,1.89e-8,1,false,2.0,0.023996798814759603,"1, 2.0","(a) constrained, $L=12$"
12,9,1,4,1.89e-8,0,false,0.0,0.9999999995230106,"0, 0.0","(a) constrained, $L=12$"
12,9,1,4,2.15e-8,1,false,4.0,0.008027668006085615,"1, 4.0","(a) constrained, $L=12$"
12,9,1,4,2.15e-8,1,false,5.0,0.015294340480316781,"1, 5.0","(a) constrained, $L=12$"
12,9,1,4,2.15e-8,0,false,4.0,0.013305872952043715,"0, 4.0","(a) constrained, $L=12$"
12,9,1,4,2.15e-8,2,false,4.0,0.02120708180462575,"2, 4.0","(a) constrained, $L=12$"
12,9,1,4,2.15e-8,1,false,2.0,0.02399679863406119,"1, 2.0","(a) constrained, $L=12$"
12,9,1,4,2.15e-8,0,false,0.0,0.9999999993246044,"0, 0.0","(a) constrained, $L=12$"
12,9,1,4,2.44e-8,1,false,4.0,0.008027668013585638,"1, 4.0","(a) constrained, $L=12$"
12,9,1,4,2.44e-8,1,false,5.0,0.015294340472844283,"1, 5.0","(a) constrained, $L=12$"
12,9,1,4,2.44e-8,0,false,4.0,0.013305867880393363,"0, 4.0","(a) constrained, $L=12$"
12,9,1,4,2.44e-8,2,false,4.0,0.021207043469172012,"2, 4.0","(a) constrained, $L=12$"
12,9,1,4,2.44e-8,1,false,2.0,0.02399679805125974,"1, 2.0","(a) constrained, $L=12$"
12,9,1,4,2.44e-8,0,false,0.0,0.9999999996257859,"0, 0.0","(a) constrained, $L=12$"
12,9,1,4,2.77e-8,1,false,4.0,0.0080276680230599,"1, 4.0","(a) constrained, $L=12$"
12,9,1,4,2.77e-8,1,false,5.0,0.015294340463332029,"1, 5.0","(a) constrained, $L=12$"
12,9,1,4,2.77e-8,0,false,4.0,0.013305861381445704,"0, 4.0","(a) constrained, $L=12$"
12,9,1,4,2.77e-8,2,false,4.0,0.021206994360306763,"2, 4.0","(a) constrained, $L=12$"
12,9,1,4,2.77e-8,1,false,2.0,0.023996796916353723,"1, 2.0","(a) constrained, $L=12$"
12,9,1,4,2.77e-8,0,false,0.0,0.9999999995724335,"0, 0.0","(a) constrained, $L=12$"
12,9,1,4,3.14e-8,1,false,4.0,0.008027668035231642,"1, 4.0","(a) constrained, $L=12$"
12,9,1,4,3.14e-8,1,false,5.0,0.015294340451097831,"1, 5.0","(a) constrained, $L=12$"
12,9,1,4,3.14e-8,0,false,4.0,0.013305853007053505,"0, 4.0","(a) constrained, $L=12$"
12,9,1,4,3.14e-8,2,false,4.0,0.021206931130144383,"2, 4.0","(a) constrained, $L=12$"
12,9,1,4,3.14e-8,1,false,2.0,0.023996794934506103,"1, 2.0","(a) constrained, $L=12$"
12,9,1,4,3.14e-8,0,false,0.0,0.999999999672193,"0, 0.0","(a) constrained, $L=12$"
12,9,1,4,3.57e-8,1,false,4.0,0.008027668050635301,"1, 4.0","(a) constrained, $L=12$"
12,9,1,4,3.57e-8,1,false,5.0,0.015294340435476866,"1, 5.0","(a) constrained, $L=12$"
12,9,1,4,3.57e-8,0,false,4.0,0.013305842268738734,"0, 4.0","(a) constrained, $L=12$"
12,9,1,4,3.57e-8,2,false,4.0,0.021206850061616725,"2, 4.0","(a) constrained, $L=12$"
12,9,1,4,3.57e-8,1,false,2.0,0.02399679190175965,"1, 2.0","(a) constrained, $L=12$"
12,9,1,4,3.57e-8,0,false,0.0,0.9999999996890296,"0, 0.0","(a) constrained, $L=12$"
12,9,1,4,4.06e-8,1,false,4.0,0.008027668070351983,"1, 4.0","(a) constrained, $L=12$"
12,9,1,4,4.06e-8,1,false,5.0,0.015294340415460395,"1, 5.0","(a) constrained, $L=12$"
12,9,1,4,4.06e-8,0,false,4.0,0.013305828477130856,"0, 4.0","(a) constrained, $L=12$"
12,9,1,4,4.06e-8,2,false,4.0,0.021206745966795285,"2, 4.0","(a) constrained, $L=12$"
12,9,1,4,4.06e-8,1,false,2.0,0.023996787373148823,"1, 2.0","(a) constrained, $L=12$"
12,9,1,4,4.06e-8,0,false,0.0,0.9999999998848219,"0, 0.0","(a) constrained, $L=12$"
12,9,1,4,4.61e-8,1,false,4.0,0.008027668095566685,"1, 4.0","(a) constrained, $L=12$"
12,9,1,4,4.61e-8,1,false,5.0,0.015294340389803818,"1, 5.0","(a) constrained, $L=12$"
12,9,1,4,4.61e-8,0,false,4.0,0.013305810760116278,"0, 4.0","(a) constrained, $L=12$"
12,9,1,4,4.61e-8,2,false,4.0,0.021206612265071027,"2, 4.0","(a) constrained, $L=12$"
12,9,1,4,4.61e-8,1,false,2.0,0.023996780854016218,"1, 2.0","(a) constrained, $L=12$"
12,9,1,4,4.61e-8,0,false,0.0,0.9999999998260286,"0, 0.0","(a) constrained, $L=12$"
12,9,1,4,5.23e-8,1,false,4.0,0.00802766812769498,"1, 4.0","(a) constrained, $L=12$"
12,9,1,4,5.23e-8,1,false,5.0,0.015294340356963091,"1, 5.0","(a) constrained, $L=12$"
12,9,1,4,5.23e-8,0,false,4.0,0.013305788053780142,"0, 4.0","(a) constrained, $L=12$"
12,9,1,4,5.23e-8,2,false,4.0,0.021206440885340468,"2, 4.0","(a) constrained, $L=12$"
12,9,1,4,5.23e-8,1,false,2.0,0.023996771709873996,"1, 2.0","(a) constrained, $L=12$"
12,9,1,4,5.23e-8,0,false,0.0,0.9999999999253688,"0, 0.0","(a) constrained, $L=12$"
12,9,1,4,5.94e-8,1,false,4.0,0.008027668168697644,"1, 4.0","(a) constrained, $L=12$"
12,9,1,4,5.94e-8,1,false,5.0,0.015294340314964081,"1, 5.0","(a) constrained, $L=12$"
12,9,1,4,5.94e-8,0,false,4.0,0.013305758993881785,"0, 4.0","(a) constrained, $L=12$"
12,9,1,4,5.94e-8,2,false,4.0,0.021206221470749364,"2, 4.0","(a) constrained, $L=12$"
12,9,1,4,5.94e-8,1,false,2.0,0.02399675903407221,"1, 2.0","(a) constrained, $L=12$"
12,9,1,4,5.94e-8,0,false,0.0,0.999999999916839,"0, 0.0","(a) constrained, $L=12$"
12,9,1,4,6.75e-8,1,false,4.0,0.008027668221001543,"1, 4.0","(a) constrained, $L=12$"
12,9,1,4,6.75e-8,1,false,5.0,0.015294340261190226,"1, 5.0","(a) constrained, $L=12$"
12,9,1,4,6.75e-8,0,false,4.0,0.013305721797850254,"0, 4.0","(a) constrained, $L=12$"
12,9,1,4,6.75e-8,2,false,4.0,0.021205940505769273,"2, 4.0","(a) constrained, $L=12$"
12,9,1,4,6.75e-8,1,false,2.0,0.023996741678973484,"1, 2.0","(a) constrained, $L=12$"
12,9,1,4,6.75e-8,0,false,0.0,0.9999999999222027,"0, 0.0","(a) constrained, $L=12$"
12,9,1,4,7.66e-8,1,false,4.0,0.008027668287708014,"1, 4.0","(a) constrained, $L=12$"
12,9,1,4,7.66e-8,1,false,5.0,0.015294340192494094,"1, 5.0","(a) constrained, $L=12$"
12,9,1,4,7.66e-8,0,false,4.0,0.013305674294783855,"0, 4.0","(a) constrained, $L=12$"
12,9,1,4,7.66e-8,2,false,4.0,0.021205581427066557,"2, 4.0","(a) constrained, $L=12$"
12,9,1,4,7.66e-8,1,false,2.0,0.023996718193702627,"1, 2.0","(a) constrained, $L=12$"
12,9,1,4,7.66e-8,0,false,0.0,0.9999999998553174,"0, 0.0","(a) constrained, $L=12$"
12,9,1,4,8.7e-8,1,false,4.0,0.00802766837256443,"1, 4.0","(a) constrained, $L=12$"
12,9,1,4,8.7e-8,1,false,5.0,0.01529434010477153,"1, 5.0","(a) constrained, $L=12$"
12,9,1,4,8.7e-8,0,false,4.0,0.013305613753636876,"0, 4.0","(a) constrained, $L=12$"
12,9,1,4,8.7e-8,2,false,4.0,0.02120512333941242,"2, 4.0","(a) constrained, $L=12$"
12,9,1,4,8.7e-8,1,false,2.0,0.02399668667731171,"1, 2.0","(a) constrained, $L=12$"
12,9,1,4,8.7e-8,0,false,0.0,0.9999999998491075,"0, 0.0","(a) constrained, $L=12$"
12,9,1,4,9.88e-8,1,false,4.0,0.008027668480570406,"1, 4.0","(a) constrained, $L=12$"
12,9,1,4,9.88e-8,1,false,5.0,0.015294339992843931,"1, 5.0","(a) constrained, $L=12$"
12,9,1,4,9.88e-8,0,false,4.0,0.013305536664334563,"0, 4.0","(a) constrained, $L=12$"
12,9,1,4,9.88e-8,2,false,4.0,0.02120453936313416,"2, 4.0","(a) constrained, $L=12$"
12,9,1,4,9.88e-8,1,false,2.0,0.023996644598044556,"1, 2.0","(a) constrained, $L=12$"
12,9,1,4,9.88e-8,0,false,0.0,0.9999999999345645,"0, 0.0","(a) constrained, $L=12$"
12,9,1,4,1.12e-7,1,false,4.0,0.008027668617596458,"1, 4.0","(a) constrained, $L=12$"
12,9,1,4,1.12e-7,1,false,5.0,0.01529433985027563,"1, 5.0","(a) constrained, $L=12$"
12,9,1,4,1.12e-7,0,false,4.0,0.013305438807399803,"0, 4.0","(a) constrained, $L=12$"
12,9,1,4,1.12e-7,2,false,4.0,0.021203796921123386,"2, 4.0","(a) constrained, $L=12$"
12,9,1,4,1.12e-7,1,false,2.0,0.02399658875931658,"1, 2.0","(a) constrained, $L=12$"
12,9,1,4,1.12e-7,0,false,0.0,0.9999999999244111,"0, 0.0","(a) constrained, $L=12$"
12,9,1,4,1.28e-7,1,false,4.0,0.008027668791290984,"1, 4.0","(a) constrained, $L=12$"
12,9,1,4,1.28e-7,1,false,5.0,0.015294339668913469,"1, 5.0","(a) constrained, $L=12$"
12,9,1,4,1.28e-7,0,false,4.0,0.013305314861774203,"0, 4.0","(a) constrained, $L=12$"
12,9,1,4,1.28e-7,2,false,4.0,0.02120285479792881,"2, 4.0","(a) constrained, $L=12$"
12,9,1,4,1.28e-7,1,false,2.0,0.023996515043331806,"1, 2.0","(a) constrained, $L=12$"
12,9,1,4,1.28e-7,0,false,0.0,0.999999999980368,"0, 0.0","(a) constrained, $L=12$"
12,9,1,4,1.45e-7,1,false,4.0,0.00802766901082177,"1, 4.0","(a) constrained, $L=12$"
12,9,1,4,1.45e-7,1,false,5.0,0.015294339438722746,"1, 5.0","(a) constrained, $L=12$"
12,9,1,4,1.45e-7,0,false,4.0,0.013305158427895205,"0, 4.0","(a) constrained, $L=12$"
12,9,1,4,1.45e-7,2,false,4.0,0.02120166295049984,"2, 4.0","(a) constrained, $L=12$"
12,9,1,4,1.45e-7,1,false,2.0,0.023996418088835063,"1, 2.0","(a) constrained, $L=12$"
12,9,1,4,1.45e-7,0,false,0.0,0.999999999984103,"0, 0.0","(a) constrained, $L=12$"
12,9,1,4,1.64e-7,1,false,4.0,0.008027669287606818,"1, 4.0","(a) constrained, $L=12$"
12,9,1,4,1.64e-7,1,false,5.0,0.015294339147150834,"1, 5.0","(a) constrained, $L=12$"
12,9,1,4,1.64e-7,0,false,4.0,0.01330496163498678,"0, 4.0","(a) constrained, $L=12$"
12,9,1,4,1.64e-7,2,false,4.0,0.021200159416286064,"2, 4.0","(a) constrained, $L=12$"
12,9,1,4,1.64e-7,1,false,2.0,0.02399629110634586,"1, 2.0","(a) constrained, $L=12$"
12,9,1,4,1.64e-7,0,false,0.0,0.9999999999917601,"0, 0.0","(a) constrained, $L=12$"
12,9,1,4,1.87e-7,1,false,4.0,0.008027669635380577,"1, 4.0","(a) constrained, $L=12$"
12,9,1,4,1.87e-7,1,false,5.0,0.01529433877881894,"1, 5.0","(a) constrained, $L=12$"
12,9,1,4,1.87e-7,0,false,4.0,0.013304715157287764,"0, 4.0","(a) constrained, $L=12$"
12,9,1,4,1.87e-7,2,false,4.0,0.021198269818374006,"2, 4.0","(a) constrained, $L=12$"
12,9,1,4,1.87e-7,1,false,2.0,0.023996125401646633,"1, 2.0","(a) constrained, $L=12$"
12,9,1,4,1.87e-7,0,false,0.0,0.9999999999941358,"0, 0.0","(a) constrained, $L=12$"
12,9,1,4,2.12e-7,1,false,4.0,0.00802767007059744,"1, 4.0","(a) constrained, $L=12$"
12,9,1,4,2.12e-7,1,false,5.0,0.015294338314978053,"1, 5.0","(a) constrained, $L=12$"
12,9,1,4,2.12e-7,0,false,4.0,0.013304408007301087,"0, 4.0","(a) constrained, $L=12$"
12,9,1,4,2.12e-7,2,false,4.0,0.021195905222594198,"2, 4.0","(a) constrained, $L=12$"
12,9,1,4,2.12e-7,1,false,2.0,0.0239959099409737,"1, 2.0","(a) constrained, $L=12$"
12,9,1,4,2.12e-7,0,false,0.0,0.9999999999868744,"0, 0.0","(a) constrained, $L=12$"
12,9,1,4,2.41e-7,1,false,4.0,0.008027670612825595,"1, 4.0","(a) constrained, $L=12$"
12,9,1,4,2.41e-7,1,false,5.0,0.015294337733022186,"1, 5.0","(a) constrained, $L=12$"
12,9,1,4,2.41e-7,0,false,4.0,0.013304027549100645,"0, 4.0","(a) constrained, $L=12$"
12,9,1,4,2.41e-7,2,false,4.0,0.021192961222081877,"2, 4.0","(a) constrained, $L=12$"
12,9,1,4,2.41e-7,1,false,2.0,0.023995630998230575,"1, 2.0","(a) constrained, $L=12$"
12,9,1,4,2.41e-7,0,false,0.0,0.9999999999971937,"0, 0.0","(a) constrained, $L=12$"
12,9,1,4,2.74e-7,1,false,4.0,0.008027671284662884,"1, 4.0","(a) constrained, $L=12$"
12,9,1,4,2.74e-7,1,false,5.0,0.015294337005867126,"1, 5.0","(a) constrained, $L=12$"
12,9,1,4,2.74e-7,0,false,4.0,0.013303559547542743,"0, 4.0","(a) constrained, $L=12$"
12,9,1,4,2.74e-7,2,false,4.0,0.02118931697400053,"2, 4.0","(a) constrained, $L=12$"
12,9,1,4,2.74e-7,1,false,2.0,0.02399527132884234,"1, 2.0","(a) constrained, $L=12$"
12,9,1,4,2.74e-7,0,false,0.0,0.9999999999953205,"0, 0.0","(a) constrained, $L=12$"
12,9,1,4,3.11e-7,1,false,4.0,0.008027672111924348,"1, 4.0","(a) constrained, $L=12$"
12,9,1,4,3.11e-7,1,false,5.0,0.015294336101662935,"1, 5.0","(a) constrained, $L=12$"
12,9,1,4,3.11e-7,0,false,4.0,0.01330298860458702,"0, 4.0","(a) constrained, $L=12$"
12,9,1,4,3.11e-7,2,false,4.0,0.02118483649342358,"2, 4.0","(a) constrained, $L=12$"
12,9,1,4,3.11e-7,1,false,2.0,0.023994809900942767,"1, 2.0","(a) constrained, $L=12$"
12,9,1,4,3.11e-7,0,false,0.0,0.9999999999967661,"0, 0.0","(a) constrained, $L=12$"
12,9,1,4,3.53e-7,1,false,4.0,0.008027673123211973,"1, 4.0","(a) constrained, $L=12$"
12,9,1,4,3.53e-7,1,false,5.0,0.01529433498345369,"1, 5.0","(a) constrained, $L=12$"
12,9,1,4,3.53e-7,0,false,4.0,0.013302298840701637,"0, 4.0","(a) constrained, $L=12$"
12,9,1,4,3.53e-7,2,false,4.0,0.021179371017467582,"2, 4.0","(a) constrained, $L=12$"
12,9,1,4,3.53e-7,1,false,2.0,0.023994221422422583,"1, 2.0","(a) constrained, $L=12$"
12,9,1,4,3.53e-7,0,false,0.0,0.999999999995188,"0, 0.0","(a) constrained, $L=12$"
12,9,1,4,4.01e-7,1,false,4.0,0.008027674349328988,"1, 4.0","(a) constrained, $L=12$"
12,9,1,4,4.01e-7,1,false,5.0,0.015294333608929001,"1, 5.0","(a) constrained, $L=12$"
12,9,1,4,4.01e-7,0,false,4.0,0.013301474918208865,"0, 4.0","(a) constrained, $L=12$"
12,9,1,4,4.01e-7,2,false,4.0,0.021172763086018797,"2, 4.0","(a) constrained, $L=12$"
12,9,1,4,4.01e-7,1,false,2.0,0.023993476349560984,"1, 2.0","(a) constrained, $L=12$"
12,9,1,4,4.01e-7,0,false,0.0,0.9999999999975554,"0, 0.0","(a) constrained, $L=12$"
12,9,1,4,4.55e-7,1,false,4.0,0.008027675822314591,"1, 4.0","(a) constrained, $L=12$"
12,9,1,4,4.55e-7,1,false,5.0,0.015294331930573573,"1, 5.0","(a) constrained, $L=12$"
12,9,1,4,4.55e-7,0,false,4.0,0.013300503715272027,"0, 4.0","(a) constrained, $L=12$"
12,9,1,4,4.55e-7,2,false,4.0,0.0211648540791457,"2, 4.0","(a) constrained, $L=12$"
12,9,1,4,4.55e-7,1,false,2.0,0.023992541646811923,"1, 2.0","(a) constrained, $L=12$"
12,9,1,4,4.55e-7,0,false,0.0,0.9999999999859455,"0, 0.0","(a) constrained, $L=12$"
12,9,1,4,5.17e-7,1,false,4.0,0.00802767757404012,"1, 4.0","(a) constrained, $L=12$"
12,9,1,4,5.17e-7,1,false,5.0,0.01529432989595859,"1, 5.0","(a) constrained, $L=12$"
12,9,1,4,5.17e-7,0,false,4.0,0.013299376463433354,"0, 4.0","(a) constrained, $L=12$"
12,9,1,4,5.17e-7,2,false,4.0,0.021155493744232753,"2, 4.0","(a) constrained, $L=12$"
12,9,1,4,5.17e-7,1,false,2.0,0.023991382742445354,"1, 2.0","(a) constrained, $L=12$"
12,9,1,4,5.17e-7,0,false,0.0,0.9999999999892438,"0, 0.0","(a) constrained, $L=12$"
12,9,1,4,5.87e-7,1,false,4.0,0.00802767963429952,"1, 4.0","(a) constrained, $L=12$"
12,9,1,4,5.87e-7,1,false,5.0,0.015294327448002262,"1, 5.0","(a) constrained, $L=12$"
12,9,1,4,5.87e-7,0,false,4.0,0.01329809142327595,"0, 4.0","(a) constrained, $L=12$"
12,9,1,4,5.87e-7,2,false,4.0,0.021144551846779824,"2, 4.0","(a) constrained, $L=12$"
12,9,1,4,5.87e-7,1,false,2.0,0.023989967859359057,"1, 2.0","(a) constrained, $L=12$"
12,9,1,4,5.87e-7,0,false,0.0,0.9999999999991848,"0, 0.0","(a) constrained, $L=12$"
12,9,1,4,6.67e-7,1,false,4.0,0.008027682029652185,"1, 4.0","(a) constrained, $L=12$"
12,9,1,4,6.67e-7,1,false,5.0,0.015294324525162033,"1, 5.0","(a) constrained, $L=12$"
12,9,1,4,6.67e-7,0,false,4.0,0.013296656775541505,"0, 4.0","(a) constrained, $L=12$"
12,9,1,4,6.67e-7,2,false,4.0,0.021131929281486425,"2, 4.0","(a) constrained, $L=12$"
12,9,1,4,6.67e-7,1,false,2.0,0.023988275508411004,"1, 2.0","(a) constrained, $L=12$"
12,9,1,4,6.67e-7,0,false,0.0,0.9999999999990595,"0, 0.0","(a) constrained, $L=12$"
12,9,1,4,7.58e-7,1,false,4.0,0.008027684781891737,"1, 4.0","(a) constrained, $L=12$"
12,9,1,4,7.58e-7,1,false,5.0,0.015294321061240923,"1, 5.0","(a) constrained, $L=12$"
12,9,1,4,7.58e-7,0,false,4.0,0.013295093824790641,"0, 4.0","(a) constrained, $L=12$"
12,9,1,4,7.58e-7,2,false,4.0,0.02111756866490662,"2, 4.0","(a) constrained, $L=12$"
12,9,1,4,7.58e-7,1,false,2.0,0.023986307070220085,"1, 2.0","(a) constrained, $L=12$"
12,9,1,4,7.58e-7,0,false,0.0,0.999999999995624,"0, 0.0","(a) constrained, $L=12$"
12,9,1,4,8.6e-7,1,false,4.0,0.008027687908172675,"1, 4.0","(a) constrained, $L=12$"
12,9,1,4,8.6e-7,1,false,5.0,0.015294316984293236,"1, 5.0","(a) constrained, $L=12$"
12,9,1,4,8.6e-7,0,false,4.0,0.013293439813744336,"0, 4.0","(a) constrained, $L=12$"
12,9,1,4,8.6e-7,2,false,4.0,0.021101458948691233,"2, 4.0","(a) constrained, $L=12$"
12,9,1,4,8.6e-7,1,false,2.0,0.023984105710738425,"1, 2.0","(a) constrained, $L=12$"
12,9,1,4,8.6e-7,0,false,0.0,0.9999999999996243,"0, 0.0","(a) constrained, $L=12$"
12,9,1,4,9.77e-7,1,false,4.0,0.008027691422217284,"1, 4.0","(a) constrained, $L=12$"
12,9,1,4,9.77e-7,1,false,5.0,0.015294312214086704,"1, 5.0","(a) constrained, $L=12$"
12,9,1,4,9.77e-7,0,false,4.0,0.013291750379904042,"0, 4.0","(a) constrained, $L=12$"
12,9,1,4,9.77e-7,2,false,4.0,0.021083633235233167,"2, 4.0","(a) constrained, $L=12$"
12,9,1,4,9.77e-7,1,false,2.0,0.023981782850025495,"1, 2.0","(a) constrained, $L=12$"
12,9,1,4,9.77e-7,0,false,0.0,0.9999999999989881,"0, 0.0","(a) constrained, $L=12$"
12,9,1,4,1.11e-6,1,false,4.0,0.008027695337481162,"1, 4.0","(a) constrained, $L=12$"
12,9,1,4,1.11e-6,1,false,5.0,0.015294306658271582,"1, 5.0","(a) constrained, $L=12$"
12,9,1,4,1.11e-6,0,false,4.0,0.01329010157948659,"0, 4.0","(a) constrained, $L=12$"
12,9,1,4,1.11e-6,2,false,4.0,0.02106415808862422,"2, 4.0","(a) constrained, $L=12$"
12,9,1,4,1.11e-6,1,false,2.0,0.02397955273294275,"1, 2.0","(a) constrained, $L=12$"
12,9,1,4,1.11e-6,0,false,0.0,0.9999999999993274,"0, 0.0","(a) constrained, $L=12$"
12,9,1,4,1.26e-6,1,false,4.0,0.008027699671751034,"1, 4.0","(a) constrained, $L=12$"
12,9,1,4,1.26e-6,1,false,5.0,0.01529430020646375,"1, 5.0","(a) constrained, $L=12$"
12,9,1,4,1.26e-6,0,false,4.0,0.013288591880559307,"0, 4.0","(a) constrained, $L=12$"
12,9,1,4,1.26e-6,2,false,4.0,0.02104311568320234,"2, 4.0","(a) constrained, $L=12$"
12,9,1,4,1.26e-6,1,false,2.0,0.023977772086593276,"1, 2.0","(a) constrained, $L=12$"
12,9,1,4,1.26e-6,0,false,0.0,0.999999999999917,"0, 0.0","(a) constrained, $L=12$"
12,9,1,4,1.43e-6,1,false,4.0,0.0080277044525259,"1, 4.0","(a) constrained, $L=12$"
12,9,1,4,1.43e-6,1,false,5.0,0.015294292723211415,"1, 5.0","(a) constrained, $L=12$"
12,9,1,4,1.43e-6,0,false,4.0,0.013287345220046199,"0, 4.0","(a) constrained, $L=12$"
12,9,1,4,1.43e-6,2,false,4.0,0.021020584516000737,"2, 4.0","(a) constrained, $L=12$"
12,9,1,4,1.43e-6,1,false,2.0,0.023976982455236485,"1, 2.0","(a) constrained, $L=12$"
12,9,1,4,1.43e-6,0,false,0.0,0.9999999999989927,"0, 0.0","(a) constrained, $L=12$"
12,9,1,4,1.63e-6,1,false,4.0,0.008027709721873954,"1, 4.0","(a) constrained, $L=12$"
12,9,1,4,1.63e-6,1,false,5.0,0.015294284039885978,"1, 5.0","(a) constrained, $L=12$"
12,9,1,4,1.63e-6,0,false,4.0,0.013286516475137252,"0, 4.0","(a) constrained, $L=12$"
12,9,1,4,1.63e-6,2,false,4.0,0.02099662603673282,"2, 4.0","(a) constrained, $L=12$"
12,9,1,4,1.63e-6,1,false,2.0,0.02397794942935223,"1, 2.0","(a) constrained, $L=12$"
12,9,1,4,1.63e-6,0,false,0.0,0.9999999999992986,"0, 0.0","(a) constrained, $L=12$"
12,9,1,4,1.85e-6,1,false,4.0,0.008027715538781462,"1, 4.0","(a) constrained, $L=12$"
12,9,1,4,1.85e-6,1,false,5.0,0.015294273946607258,"1, 5.0","(a) constrained, $L=12$"
12,9,1,4,1.85e-6,0,false,4.0,0.013286301275833128,"0, 4.0","(a) constrained, $L=12$"
12,9,1,4,1.85e-6,2,false,4.0,0.02097128842007721,"2, 4.0","(a) constrained, $L=12$"
12,9,1,4,1.85e-6,1,false,2.0,0.023981698118561788,"1, 2.0","(a) constrained, $L=12$"
12,9,1,4,1.85e-6,0,false,0.0,0.999999999999052,"0, 0.0","(a) constrained, $L=12$"
12,9,1,4,2.1e-6,1,false,4.0,0.008027721976996572,"1, 4.0","(a) constrained, $L=12$"
12,9,1,4,2.1e-6,1,false,5.0,0.01529426218589152,"1, 5.0","(a) constrained, $L=12$"
12,9,1,4,2.1e-6,0,false,4.0,0.013286952232963011,"0, 4.0","(a) constrained, $L=12$"
12,9,1,4,2.1e-6,2,false,4.0,0.02094463982923452,"2, 4.0","(a) constrained, $L=12$"
12,9,1,4,2.1e-6,1,false,2.0,0.023989547162472407,"1, 2.0","(a) constrained, $L=12$"
12,9,1,4,2.1e-6,0,false,0.0,0.9999999999999436,"0, 0.0","(a) constrained, $L=12$"
12,9,1,4,2.38e-6,1,false,4.0,0.008027729117276427,"1, 4.0","(a) constrained, $L=12$"
12,9,1,4,2.38e-6,1,false,5.0,0.015294248448809533,"1, 5.0","(a) constrained, $L=12$"
12,9,1,4,2.38e-6,0,false,4.0,0.013288802822328237,"0, 4.0","(a) constrained, $L=12$"
12,9,1,4,2.38e-6,2,false,4.0,0.02091683872544996,"2, 4.0","(a) constrained, $L=12$"
12,9,1,4,2.38e-6,1,false,2.0,0.02400314763969025,"1, 2.0","(a) constrained, $L=12$"
12,9,1,4,2.38e-6,0,false,0.0,0.9999999999995275,"0, 0.0","(a) constrained, $L=12$"
12,9,1,4,2.7e-6,1,false,4.0,0.008027737033117249,"1, 4.0","(a) constrained, $L=12$"
12,9,1,4,2.7e-6,1,false,5.0,0.015294232374103153,"1, 5.0","(a) constrained, $L=12$"
12,9,1,4,2.7e-6,0,false,4.0,0.013292299224774162,"0, 4.0","(a) constrained, $L=12$"
12,9,1,4,2.7e-6,2,false,4.0,0.02088824362945986,"2, 4.0","(a) constrained, $L=12$"
12,9,1,4,2.7e-6,1,false,2.0,0.024024527937823177,"1, 2.0","(a) constrained, $L=12$"
12,9,1,4,2.7e-6,0,false,0.0,0.999999999999869,"0, 0.0","(a) constrained, $L=12$"
12,9,1,4,3.07e-6,1,false,4.0,0.008027745773348987,"1, 4.0","(a) constrained, $L=12$"
12,9,1,4,3.07e-6,1,false,5.0,0.015294213548788054,"1, 5.0","(a) constrained, $L=12$"
12,9,1,4,3.07e-6,0,false,4.0,0.013298037506857052,"0, 4.0","(a) constrained, $L=12$"
12,9,1,4,3.07e-6,2,false,4.0,0.0208595469780576,"2, 4.0","(a) constrained, $L=12$"
12,9,1,4,3.07e-6,1,false,2.0,0.024056140818781428,"1, 2.0","(a) constrained, $L=12$"
12,9,1,4,3.07e-6,0,false,0.0,0.9999999999999486,"0, 0.0","(a) constrained, $L=12$"
12,9,1,4,3.49e-6,1,false,4.0,0.008027755346333727,"1, 4.0","(a) constrained, $L=12$"
12,9,1,4,3.49e-6,1,false,5.0,0.015294191506962188,"1, 5.0","(a) constrained, $L=12$"
12,9,1,4,3.49e-6,0,false,4.0,0.01330680075137735,"0, 4.0","(a) constrained, $L=12$"
12,9,1,4,3.49e-6,2,false,4.0,0.020831900293447433,"2, 4.0","(a) constrained, $L=12$"
12,9,1,4,3.49e-6,1,false,2.0,0.024100912955838747,"1, 2.0","(a) constrained, $L=12$"
12,9,1,4,3.49e-6,0,false,0.0,0.9999999999999474,"0, 0.0","(a) constrained, $L=12$"
12,9,1,4,3.96e-6,1,false,4.0,0.008027765714704618,"1, 4.0","(a) constrained, $L=12$"
12,9,1,4,3.96e-6,1,false,5.0,0.01529416572329832,"1, 5.0","(a) constrained, $L=12$"
12,9,1,4,3.96e-6,0,false,4.0,0.013319587942699915,"0, 4.0","(a) constrained, $L=12$"
12,9,1,4,3.96e-6,2,false,4.0,0.020806981744289705,"2, 4.0","(a) constrained, $L=12$"
12,9,1,4,3.96e-6,1,false,2.0,0.02416230023165177,"1, 2.0","(a) constrained, $L=12$"
12,9,1,4,3.96e-6,0,false,0.0,0.9999999999999098,"0, 0.0","(a) constrained, $L=12$"
12,9,1,4,4.5e-6,1,false,4.0,0.008027776806417895,"1, 4.0","(a) constrained, $L=12$"
12,9,1,4,4.5e-6,1,false,5.0,0.015294135600886065,"1, 5.0","(a) constrained, $L=12$"
12,9,1,4,4.5e-6,0,false,4.0,0.013337626333294196,"0, 4.0","(a) constrained, $L=12$"
12,9,1,4,4.5e-6,2,false,4.0,0.020786961470773507,"2, 4.0","(a) constrained, $L=12$"
12,9,1,4,4.5e-6,1,false,2.0,0.024244346859056097,"1, 2.0","(a) constrained, $L=12$"
12,9,1,4,4.5e-6,0,false,0.0,0.99999999999999,"0, 0.0","(a) constrained, $L=12$"
12,9,1,4,5.11e-6,1,false,4.0,0.008027788543449847,"1, 4.0","(a) constrained, $L=12$"
12,9,1,4,5.11e-6,1,false,5.0,0.015294100462315682,"1, 5.0","(a) constrained, $L=12$"
12,9,1,4,5.11e-6,0,false,4.0,0.013362362550537221,"0, 4.0","(a) constrained, $L=12$"
12,9,1,4,5.11e-6,2,false,4.0,0.02077435225857058,"2, 4.0","(a) constrained, $L=12$"
12,9,1,4,5.11e-6,1,false,2.0,0.024351737366788084,"1, 2.0","(a) constrained, $L=12$"
12,9,1,4,5.11e-6,0,false,0.0,0.9999999999998797,"0, 0.0","(a) constrained, $L=12$"
12,9,1,4,5.81e-6,1,false,4.0,0.008027800877840966,"1, 4.0","(a) constrained, $L=12$"
12,9,1,4,5.81e-6,1,false,5.0,0.015294059567830521,"1, 5.0","(a) constrained, $L=12$"
12,9,1,4,5.81e-6,0,false,4.0,0.013395432780636297,"0, 4.0","(a) constrained, $L=12$"
12,9,1,4,5.81e-6,2,false,4.0,0.02077177804936088,"2, 4.0","(a) constrained, $L=12$"
12,9,1,4,5.81e-6,1,false,2.0,0.02448981688331468,"1, 2.0","(a) constrained, $L=12$"
12,9,1,4,5.81e-6,0,false,0.0,0.9999999999999624,"0, 0.0","(a) constrained, $L=12$"
12,9,1,4,6.59e-6,1,false,4.0,0.00802781382177425,"1, 4.0","(a) constrained, $L=12$"
12,9,1,4,6.59e-6,1,false,5.0,0.015294012199612395,"1, 5.0","(a) constrained, $L=12$"
12,9,1,4,6.59e-6,0,false,4.0,0.013438603009862736,"0, 4.0","(a) constrained, $L=12$"
12,9,1,4,6.59e-6,2,false,4.0,0.020781704519379805,"2, 4.0","(a) constrained, $L=12$"
12,9,1,4,6.59e-6,1,false,2.0,0.024664487750268225,"1, 2.0","(a) constrained, $L=12$"
12,9,1,4,6.59e-6,0,false,0.0,0.9999999999999504,"0, 0.0","(a) constrained, $L=12$"
12,9,1,4,7.49e-6,1,false,4.0,0.008027827460833173,"1, 4.0","(a) constrained, $L=12$"
12,9,1,4,7.49e-6,1,false,5.0,0.015293957813790436,"1, 5.0","(a) constrained, $L=12$"
12,9,1,4,7.49e-6,0,false,4.0,0.013493642703536486,"0, 4.0","(a) constrained, $L=12$"
12,9,1,4,7.49e-6,2,false,4.0,0.02080615802741764,"2, 4.0","(a) constrained, $L=12$"
12,9,1,4,7.49e-6,1,false,2.0,0.02488158682874135,"1, 2.0","(a) constrained, $L=12$"
12,9,1,4,7.49e-6,0,false,0.0,0.9999999999999786,"0, 0.0","(a) constrained, $L=12$"
12,9,1,4,8.5e-6,1,false,4.0,0.008027841951554399,"1, 4.0","(a) constrained, $L=12$"
12,9,1,4,8.5e-6,1,false,5.0,0.015293896112201853,"1, 5.0","(a) constrained, $L=12$"
12,9,1,4,8.5e-6,0,false,4.0,0.013562214199237527,"0, 4.0","(a) constrained, $L=12$"
12,9,1,4,8.5e-6,2,false,4.0,0.020846581030631674,"2, 4.0","(a) constrained, $L=12$"
12,9,1,4,8.5e-6,1,false,2.0,0.025144682974213448,"1, 2.0","(a) constrained, $L=12$"
12,9,1,4,8.5e-6,0,false,0.0,0.9999999999999946,"0, 0.0","(a) constrained, $L=12$"
12,9,1,4,9.66e-6,1,false,4.0,0.008027857514198157,"1, 4.0","(a) constrained, $L=12$"
12,9,1,4,9.66e-6,1,false,5.0,0.015293826921382333,"1, 5.0","(a) constrained, $L=12$"
12,9,1,4,9.66e-6,0,false,4.0,0.013645887200814008,"0, 4.0","(a) constrained, $L=12$"
12,9,1,4,9.66e-6,2,false,4.0,0.020903958733585526,"2, 4.0","(a) constrained, $L=12$"
12,9,1,4,9.66e-6,1,false,2.0,0.025451530470711223,"1, 2.0","(a) constrained, $L=12$"
12,9,1,4,9.66e-6,0,false,0.0,0.9999999999999644,"0, 0.0","(a) constrained, $L=12$"
12,9,1,4,1.1e-5,1,false,4.0,0.00802787441724703,"1, 4.0","(a) constrained, $L=12$"
12,9,1,4,1.1e-5,1,false,5.0,0.015293750197252876,"1, 5.0","(a) constrained, $L=12$"
12,9,1,4,1.1e-5,0,false,4.0,0.013746137741707907,"0, 4.0","(a) constrained, $L=12$"
12,9,1,4,1.1e-5,2,false,4.0,0.020978933108076105,"2, 4.0","(a) constrained, $L=12$"
12,9,1,4,1.1e-5,1,false,2.0,0.025793036315930086,"1, 2.0","(a) constrained, $L=12$"
12,9,1,4,1.1e-5,0,false,0.0,0.9999999999999966,"0, 0.0","(a) constrained, $L=12$"
12,9,1,4,1.25e-5,1,false,4.0,0.008027892862482127,"1, 4.0","(a) constrained, $L=12$"
12,9,1,4,1.25e-5,1,false,5.0,0.015293668183496563,"1, 5.0","(a) constrained, $L=12$"
12,9,1,4,1.25e-5,0,false,4.0,0.0138635034938066,"0, 4.0","(a) constrained, $L=12$"
12,9,1,4,1.25e-5,2,false,4.0,0.0210699823579286,"2, 4.0","(a) constrained, $L=12$"
12,9,1,4,1.25e-5,1,false,2.0,0.0261729244203351,"1, 2.0","(a) constrained, $L=12$"
12,9,1,4,1.25e-5,0,false,0.0,0.9999999999999829,"0, 0.0","(a) constrained, $L=12$"
12,9,1,4,1.41e-5,1,false,4.0,0.008027912956797391,"1, 4.0","(a) constrained, $L=12$"
12,9,1,4,1.41e-5,1,false,5.0,0.01529358996425025,"1, 5.0","(a) constrained, $L=12$"
12,9,1,4,1.41e-5,0,false,4.0,0.013994426542007722,"0, 4.0","(a) constrained, $L=12$"
12,9,1,4,1.41e-5,2,false,4.0,0.021167464414363468,"2, 4.0","(a) constrained, $L=12$"
12,9,1,4,1.41e-5,1,false,2.0,0.02663155115934849,"1, 2.0","(a) constrained, $L=12$"
12,9,1,4,1.41e-5,0,false,0.0,0.9999999999999892,"0, 0.0","(a) constrained, $L=12$"
12,9,1,4,1.61e-5,1,false,4.0,0.008027934906249553,"1, 4.0","(a) constrained, $L=12$"
12,9,1,4,1.61e-5,1,false,5.0,0.01529352840955073,"1, 5.0","(a) constrained, $L=12$"
12,9,1,4,1.61e-5,0,false,4.0,0.014131134132650007,"0, 4.0","(a) constrained, $L=12$"
12,9,1,4,1.61e-5,2,false,4.0,0.021254595659425564,"2, 4.0","(a) constrained, $L=12$"
12,9,1,4,1.61e-5,1,false,2.0,0.027188328643424343,"1, 2.0","(a) constrained, $L=12$"
12,9,1,4,1.61e-5,0,false,0.0,0.9999999999999989,"0, 0.0","(a) constrained, $L=12$"
12,9,1,4,1.83e-5,1,false,4.0,0.008027958758043918,"1, 4.0","(a) constrained, $L=12$"
12,9,1,4,1.83e-5,1,false,5.0,0.015293495594922083,"1, 5.0","(a) constrained, $L=12$"
12,9,1,4,1.83e-5,0,false,4.0,0.014265300670332434,"0, 4.0","(a) constrained, $L=12$"
12,9,1,4,1.83e-5,2,false,4.0,0.021314666831581442,"2, 4.0","(a) constrained, $L=12$"
12,9,1,4,1.83e-5,1,false,2.0,0.02780007705015062,"1, 2.0","(a) constrained, $L=12$"
12,9,1,4,1.83e-5,0,false,0.0,0.999999999999998,"0, 0.0","(a) constrained, $L=12$"
12,9,1,4,2.07e-5,1,false,4.0,0.008027985165018757,"1, 4.0","(a) constrained, $L=12$"
12,9,1,4,2.07e-5,1,false,5.0,0.015293490711241682,"1, 5.0","(a) constrained, $L=12$"
12,9,1,4,2.07e-5,0,false,4.0,0.014393284226589328,"0, 4.0","(a) constrained, $L=12$"
12,9,1,4,2.07e-5,2,false,4.0,0.021342427914118656,"2, 4.0","(a) constrained, $L=12$"
12,9,1,4,2.07e-5,1,false,2.0,0.02851076957623936,"1, 2.0","(a) constrained, $L=12$"
12,9,1,4,2.07e-5,0,false,0.0,0.9999999999999997,"0, 0.0","(a) constrained, $L=12$"
12,9,1,4,2.35e-5,1,false,4.0,0.008028013429393965,"1, 4.0","(a) constrained, $L=12$"
12,9,1,4,2.35e-5,1,false,5.0,0.015293510893129702,"1, 5.0","(a) constrained, $L=12$"
12,9,1,4,2.35e-5,0,false,4.0,0.01451959920819542,"0, 4.0","(a) constrained, $L=12$"
12,9,1,4,2.35e-5,2,false,4.0,0.021348275664467193,"2, 4.0","(a) constrained, $L=12$"
12,9,1,4,2.35e-5,1,false,2.0,0.029299927453527684,"1, 2.0","(a) constrained, $L=12$"
12,9,1,4,2.35e-5,0,false,0.0,0.9999999999999997,"0, 0.0","(a) constrained, $L=12$"
12,9,1,4,2.67e-5,1,false,4.0,0.008028043292788391,"1, 4.0","(a) constrained, $L=12$"
12,9,1,4,2.67e-5,1,false,5.0,0.015293547245939332,"1, 5.0","(a) constrained, $L=12$"
12,9,1,4,2.67e-5,0,false,4.0,0.01465177016695999,"0, 4.0","(a) constrained, $L=12$"
12,9,1,4,2.67e-5,2,false,4.0,0.021346619526810603,"2, 4.0","(a) constrained, $L=12$"
12,9,1,4,2.67e-5,1,false,2.0,0.030200380232475014,"1, 2.0","(a) constrained, $L=12$"
12,9,1,4,2.67e-5,0,false,0.0,0.9999999999999999,"0, 0.0","(a) constrained, $L=12$"
12,9,1,4,3.04e-5,1,false,4.0,0.008028074533613323,"1, 4.0","(a) constrained, $L=12$"
12,9,1,4,3.04e-5,1,false,5.0,0.015293594548373961,"1, 5.0","(a) constrained, $L=12$"
12,9,1,4,3.04e-5,0,false,4.0,0.014793874744200627,"0, 4.0","(a) constrained, $L=12$"
12,9,1,4,3.04e-5,2,false,4.0,0.02134662204009225,"2, 4.0","(a) constrained, $L=12$"
12,9,1,4,3.04e-5,1,false,2.0,0.031253578067817374,"1, 2.0","(a) constrained, $L=12$"
12,9,1,4,3.04e-5,0,false,0.0,0.9999999999999994,"0, 0.0","(a) constrained, $L=12$"
12,9,1,4,3.45e-5,1,false,4.0,0.008028107022107038,"1, 4.0","(a) constrained, $L=12$"
12,9,1,4,3.45e-5,1,false,5.0,0.015293656516543885,"1, 5.0","(a) constrained, $L=12$"
12,9,1,4,3.45e-5,0,false,4.0,0.014943659659461046,"0, 4.0","(a) constrained, $L=12$"
12,9,1,4,3.45e-5,2,false,4.0,0.021349094011802856,"2, 4.0","(a) constrained, $L=12$"
12,9,1,4,3.45e-5,1,false,2.0,0.032541889453925374,"1, 2.0","(a) constrained, $L=12$"
12,9,1,4,3.45e-5,0,false,0.0,0.9999999999999996,"0, 0.0","(a) constrained, $L=12$"
12,9,1,4,3.92e-5,1,false,4.0,0.008028139568683267,"1, 4.0","(a) constrained, $L=12$"
12,9,1,4,3.92e-5,1,false,5.0,0.015293749652819145,"1, 5.0","(a) constrained, $L=12$"
12,9,1,4,3.92e-5,0,false,4.0,0.015096406192850393,"0, 4.0","(a) constrained, $L=12$"
12,9,1,4,3.92e-5,2,false,4.0,0.021345805603817845,"2, 4.0","(a) constrained, $L=12$"
12,9,1,4,3.92e-5,1,false,2.0,0.033960073787956346,"1, 2.0","(a) constrained, $L=12$"
12,9,1,4,3.92e-5,0,false,0.0,0.9999999999999997,"0, 0.0","(a) constrained, $L=12$"
12,9,1,4,4.45e-5,1,false,4.0,0.008028172491929808,"1, 4.0","(a) constrained, $L=12$"
12,9,1,4,4.45e-5,1,false,5.0,0.01529387158174802,"1, 5.0","(a) constrained, $L=12$"
12,9,1,4,4.45e-5,0,false,4.0,0.015259605728070549,"0, 4.0","(a) constrained, $L=12$"
12,9,1,4,4.45e-5,2,false,4.0,0.021351809541922003,"2, 4.0","(a) constrained, $L=12$"
12,9,1,4,4.45e-5,1,false,2.0,0.03559833881619325,"1, 2.0","(a) constrained, $L=12$"
12,9,1,4,4.45e-5,0,false,0.0,0.9999999999999999,"0, 0.0","(a) constrained, $L=12$"
12,9,1,4,5.05e-5,1,false,4.0,0.008028207287519096,"1, 4.0","(a) constrained, $L=12$"
12,9,1,4,5.05e-5,1,false,5.0,0.0152940138496,"1, 5.0","(a) constrained, $L=12$"
12,9,1,4,5.05e-5,0,false,4.0,0.015446073192634639,"0, 4.0","(a) constrained, $L=12$"
12,9,1,4,5.05e-5,2,false,4.0,0.021380188715637214,"2, 4.0","(a) constrained, $L=12$"
12,9,1,4,5.05e-5,1,false,2.0,0.037523967972831064,"1, 2.0","(a) constrained, $L=12$"
12,9,1,4,5.05e-5,0,false,0.0,1.0,"0, 0.0","(a) constrained, $L=12$"
12,9,1,4,5.74e-5,1,false,4.0,0.0080282414072865,"1, 4.0","(a) constrained, $L=12$"
12,9,1,4,5.74e-5,1,false,5.0,0.015294190179128288,"1, 5.0","(a) constrained, $L=12$"
12,9,1,4,5.74e-5,0,false,4.0,0.01565538186690944,"0, 4.0","(a) constrained, $L=12$"
12,9,1,4,5.74e-5,2,false,4.0,0.021433589974021273,"2, 4.0","(a) constrained, $L=12$"
12,9,1,4,5.74e-5,1,false,2.0,0.03961925424725581,"1, 2.0","(a) constrained, $L=12$"
12,9,1,4,5.74e-5,0,false,0.0,0.9999999999999997,"0, 0.0","(a) constrained, $L=12$"
12,9,1,4,6.52e-5,1,false,4.0,0.00802822378686693,"1, 4.0","(a) constrained, $L=12$"
12,9,1,4,6.52e-5,1,false,5.0,0.015294383927132175,"1, 5.0","(a) constrained, $L=12$"
12,9,1,4,6.52e-5,0,false,4.0,0.015875263517826862,"0, 4.0","(a) constrained, $L=12$"
12,9,1,4,6.52e-5,2,false,4.0,0.02150551406107912,"2, 4.0","(a) constrained, $L=12$"
12,9,1,4,6.52e-5,1,false,2.0,0.04188165673827714,"1, 2.0","(a) constrained, $L=12$"
12,9,1,4,6.52e-5,0,false,0.0,0.9999999999999994,"0, 0.0","(a) constrained, $L=12$"
12,9,1,4,7.4e-5,1,false,4.0,0.008028292230275694,"1, 4.0","(a) constrained, $L=12$"
12,9,1,4,7.4e-5,1,false,5.0,0.015294649022176992,"1, 5.0","(a) constrained, $L=12$"
12,9,1,4,7.4e-5,0,false,4.0,0.01608663381861985,"0, 4.0","(a) constrained, $L=12$"
12,9,1,4,7.4e-5,2,false,4.0,0.02157784976562684,"2, 4.0","(a) constrained, $L=12$"
12,9,1,4,7.4e-5,1,false,2.0,0.0444241058436971,"1, 2.0","(a) constrained, $L=12$"
12,9,1,4,7.4e-5,0,false,0.0,1.0,"0, 0.0","(a) constrained, $L=12$"
12,9,1,4,8.41e-5,1,false,4.0,0.008028383765383338,"1, 4.0","(a) constrained, $L=12$"
12,9,1,4,8.41e-5,1,false,5.0,0.01529497432879267,"1, 5.0","(a) constrained, $L=12$"
12,9,1,4,8.41e-5,0,false,4.0,0.016255907438336607,"0, 4.0","(a) constrained, $L=12$"
12,9,1,4,8.41e-5,2,false,4.0,0.021631542544237593,"2, 4.0","(a) constrained, $L=12$"
12,9,1,4,8.41e-5,1,false,2.0,0.047224104797598886,"1, 2.0","(a) constrained, $L=12$"
12,9,1,4,8.41e-5,0,false,0.0,0.9999999999999999,"0, 0.0","(a) constrained, $L=12$"
12,9,1,4,9.55e-5,1,false,4.0,0.008028456259604345,"1, 4.0","(a) constrained, $L=12$"
12,9,1,4,9.55e-5,1,false,5.0,0.015295352672867768,"1, 5.0","(a) constrained, $L=12$"
12,9,1,4,9.55e-5,0,false,4.0,0.01639255285161464,"0, 4.0","(a) constrained, $L=12$"
12,9,1,4,9.55e-5,2,false,4.0,0.02166931569158255,"2, 4.0","(a) constrained, $L=12$"
12,9,1,4,9.55e-5,1,false,2.0,0.05008162739470106,"1, 2.0","(a) constrained, $L=12$"
12,9,1,4,9.55e-5,0,false,0.0,1.0000000000000002,"0, 0.0","(a) constrained, $L=12$"
12,9,1,4,0.000108,1,false,4.0,0.008028549073879688,"1, 4.0","(a) constrained, $L=12$"
12,9,1,4,0.000108,1,false,5.0,0.015295810293663958,"1, 5.0","(a) constrained, $L=12$"
12,9,1,4,0.000108,0,false,4.0,0.0165290361602129,"0, 4.0","(a) constrained, $L=12$"
12,9,1,4,0.000108,2,false,4.0,0.021713524154192133,"2, 4.0","(a) constrained, $L=12$"
12,9,1,4,0.000108,1,false,2.0,0.053002210158030166,"1, 2.0","(a) constrained, $L=12$"
12,9,1,4,0.000108,0,false,0.0,1.0,"0, 0.0","(a) constrained, $L=12$"
12,9,1,4,0.000123,1,false,4.0,0.008028675231253822,"1, 4.0","(a) constrained, $L=12$"
12,9,1,4,0.000123,1,false,5.0,0.015296434420984491,"1, 5.0","(a) constrained, $L=12$"
12,9,1,4,0.000123,0,false,4.0,0.016690010964122117,"0, 4.0","(a) constrained, $L=12$"
12,9,1,4,0.000123,2,false,4.0,0.021781259435782067,"2, 4.0","(a) constrained, $L=12$"
12,9,1,4,0.000123,1,false,2.0,0.056445965021367665,"1, 2.0","(a) constrained, $L=12$"
12,9,1,4,0.000123,0,false,0.0,1.0,"0, 0.0","(a) constrained, $L=12$"
12,9,1,4,0.00014,1,false,4.0,0.008028845799147795,"1, 4.0","(a) constrained, $L=12$"
12,9,1,4,0.00014,1,false,5.0,0.015297182248733308,"1, 5.0","(a) constrained, $L=12$"
12,9,1,4,0.00014,0,false,4.0,0.016876982783463022,"0, 4.0","(a) constrained, $L=12$"
12,9,1,4,0.00014,2,false,4.0,0.021882669256992646,"2, 4.0","(a) constrained, $L=12$"
12,9,1,4,0.00014,1,false,2.0,0.05997508550685307,"1, 2.0","(a) constrained, $L=12$"
12,9,1,4,0.00014,0,false,0.0,1.0,"0, 0.0","(a) constrained, $L=12$"
12,9,1,4,0.000159,1,false,4.0,0.008029069742724933,"1, 4.0","(a) constrained, $L=12$"
12,9,1,4,0.000159,1,false,5.0,0.015298161863081977,"1, 5.0","(a) constrained, $L=12$"
12,9,1,4,0.000159,0,false,4.0,0.017101798784081374,"0, 4.0","(a) constrained, $L=12$"
12,9,1,4,0.000159,2,false,4.0,0.02202573987612517,"2, 4.0","(a) constrained, $L=12$"
12,9,1,4,0.000159,1,false,2.0,0.06392437245252656,"1, 2.0","(a) constrained, $L=12$"
12,9,1,4,0.000159,0,false,0.0,1.0,"0, 0.0","(a) constrained, $L=12$"
12,9,1,4,0.00018,1,false,4.0,0.008029365605903515,"1, 4.0","(a) constrained, $L=12$"
12,9,1,4,0.00018,1,false,5.0,0.015299402674410219,"1, 5.0","(a) constrained, $L=12$"
12,9,1,4,0.00018,0,false,4.0,0.017358208514353803,"0, 4.0","(a) constrained, $L=12$"
12,9,1,4,0.00018,2,false,4.0,0.02221950625777112,"2, 4.0","(a) constrained, $L=12$"
12,9,1,4,0.00018,1,false,2.0,0.0680671136574507,"1, 2.0","(a) constrained, $L=12$"
12,9,1,4,0.00018,0,false,0.0,1.0,"0, 0.0","(a) constrained, $L=12$"
12,9,1,4,0.000205,1,false,4.0,0.00802974744245278,"1, 4.0","(a) constrained, $L=12$"
12,9,1,4,0.000205,1,false,5.0,0.01530103812149393,"1, 5.0","(a) constrained, $L=12$"
12,9,1,4,0.000205,0,false,4.0,0.017659917494730098,"0, 4.0","(a) constrained, $L=12$"
12,9,1,4,0.000205,2,false,4.0,0.022474689098368375,"2, 4.0","(a) constrained, $L=12$"
12,9,1,4,0.000205,1,false,2.0,0.0728116604359882,"1, 2.0","(a) constrained, $L=12$"
12,9,1,4,0.000205,0,false,0.0,1.0,"0, 0.0","(a) constrained, $L=12$"
12,9,1,4,0.000233,1,false,4.0,0.008030238486169383,"1, 4.0","(a) constrained, $L=12$"
12,9,1,4,0.000233,1,false,5.0,0.015303143974720598,"1, 5.0","(a) constrained, $L=12$"
12,9,1,4,0.000233,0,false,4.0,0.018013391749212362,"0, 4.0","(a) constrained, $L=12$"
12,9,1,4,0.000233,2,false,4.0,0.022803354654577723,"2, 4.0","(a) constrained, $L=12$"
12,9,1,4,0.000233,1,false,2.0,0.07820708316341024,"1, 2.0","(a) constrained, $L=12$"
12,9,1,4,0.000233,0,false,0.0,1.0,"0, 0.0","(a) constrained, $L=12$"
12,9,1,4,0.000264,1,false,4.0,0.008030863034240903,"1, 4.0","(a) constrained, $L=12$"
12,9,1,4,0.000264,1,false,5.0,0.015305809187793186,"1, 5.0","(a) constrained, $L=12$"
12,9,1,4,0.000264,0,false,4.0,0.018412254443032017,"0, 4.0","(a) constrained, $L=12$"
12,9,1,4,0.000264,2,false,4.0,0.023216837886406536,"2, 4.0","(a) constrained, $L=12$"
12,9,1,4,0.000264,1,false,2.0,0.08352550525076337,"1, 2.0","(a) constrained, $L=12$"
12,9,1,4,0.000264,0,false,0.0,1.0,"0, 0.0","(a) constrained, $L=12$"
12,9,1,4,0.0003,1,false,4.0,0.00803164538259413,"1, 4.0","(a) constrained, $L=12$"
12,9,1,4,0.0003,1,false,5.0,0.01530920515576395,"1, 5.0","(a) constrained, $L=12$"
12,9,1,4,0.0003,0,false,4.0,0.01888353390402459,"0, 4.0","(a) constrained, $L=12$"
12,9,1,4,0.0003,2,false,4.0,0.023728848318731392,"2, 4.0","(a) constrained, $L=12$"
12,9,1,4,0.0003,1,false,2.0,0.08995197845532604,"1, 2.0","(a) constrained, $L=12$"
12,9,1,4,0.0003,0,false,0.0,1.0,"0, 0.0","(a) constrained, $L=12$"
12,9,1,4,0.000341,1,false,4.0,0.008032629333503363,"1, 4.0","(a) constrained, $L=12$"
12,9,1,4,0.000341,1,false,5.0,0.015313560476776974,"1, 5.0","(a) constrained, $L=12$"
12,9,1,4,0.000341,0,false,4.0,0.019437626490126488,"0, 4.0","(a) constrained, $L=12$"
12,9,1,4,0.000341,2,false,4.0,0.02437776398913306,"2, 4.0","(a) constrained, $L=12$"
12,9,1,4,0.000341,1,false,2.0,0.09659689834110399,"1, 2.0","(a) constrained, $L=12$"
12,9,1,4,0.000341,0,false,0.0,1.0,"0, 0.0","(a) constrained, $L=12$"
12,9,1,4,0.000387,1,false,4.0,0.008033865972497967,"1, 4.0","(a) constrained, $L=12$"
12,9,1,4,0.000387,1,false,5.0,0.015319141317706753,"1, 5.0","(a) constrained, $L=12$"
12,9,1,4,0.000387,0,false,4.0,0.020072162424145352,"0, 4.0","(a) constrained, $L=12$"
12,9,1,4,0.000387,2,false,4.0,0.025156173983331358,"2, 4.0","(a) constrained, $L=12$"
12,9,1,4,0.000387,1,false,2.0,0.10407709086540173,"1, 2.0","(a) constrained, $L=12$"
12,9,1,4,0.000387,0,false,0.0,1.0,"0, 0.0","(a) constrained, $L=12$"
12,9,1,4,0.00044,1,false,4.0,0.008035476885027348,"1, 4.0","(a) constrained, $L=12$"
12,9,1,4,0.00044,1,false,5.0,0.015326265213499769,"1, 5.0","(a) constrained, $L=12$"
12,9,1,4,0.00044,0,false,4.0,0.020781038716078004,"0, 4.0","(a) constrained, $L=12$"
12,9,1,4,0.00044,2,false,4.0,0.02605313669250004,"2, 4.0","(a) constrained, $L=12$"
12,9,1,4,0.00044,1,false,2.0,0.11198679660890538,"1, 2.0","(a) constrained, $L=12$"
12,9,1,4,0.00044,0,false,0.0,1.0,"0, 0.0","(a) constrained, $L=12$"
12,9,1,4,0.000499,1,false,4.0,0.008037607335331513,"1, 4.0","(a) constrained, $L=12$"
12,9,1,4,0.000499,1,false,5.0,0.015335386031833329,"1, 5.0","(a) constrained, $L=12$"
12,9,1,4,0.000499,0,false,4.0,0.02157670134585569,"0, 4.0","(a) constrained, $L=12$"
12,9,1,4,0.000499,2,false,4.0,0.027074761169618954,"2, 4.0","(a) constrained, $L=12$"
12,9,1,4,0.000499,1,false,2.0,0.1199948203891597,"1, 2.0","(a) constrained, $L=12$"
12,9,1,4,0.000499,0,false,0.0,1.0,"0, 0.0","(a) constrained, $L=12$"
12,9,1,4,0.000567,1,false,4.0,0.008040322487264641,"1, 4.0","(a) constrained, $L=12$"
12,9,1,4,0.000567,1,false,5.0,0.015346995248412487,"1, 5.0","(a) constrained, $L=12$"
12,9,1,4,0.000567,0,false,4.0,0.022478651679570413,"0, 4.0","(a) constrained, $L=12$"
12,9,1,4,0.000567,2,false,4.0,0.028247264345738987,"2, 4.0","(a) constrained, $L=12$"
12,9,1,4,0.000567,1,false,2.0,0.12860398960867533,"1, 2.0","(a) constrained, $L=12$"
12,9,1,4,0.000567,0,false,0.0,1.0,"0, 0.0","(a) constrained, $L=12$"
12,9,1,4,0.000644,1,false,4.0,0.008043699631110212,"1, 4.0","(a) constrained, $L=12$"
12,9,1,4,0.000644,1,false,5.0,0.01536168441007286,"1, 5.0","(a) constrained, $L=12$"
12,9,1,4,0.000644,0,false,4.0,0.02351211628886851,"0, 4.0","(a) constrained, $L=12$"
12,9,1,4,0.000644,2,false,4.0,0.029582379635488258,"2, 4.0","(a) constrained, $L=12$"
12,9,1,4,0.000644,1,false,2.0,0.1375021920241773,"1, 2.0","(a) constrained, $L=12$"
12,9,1,4,0.000644,0,false,0.0,1.0,"0, 0.0","(a) constrained, $L=12$"
12,9,1,4,0.000732,1,false,4.0,0.008047897879382546,"1, 4.0","(a) constrained, $L=12$"
12,9,1,4,0.000732,1,false,5.0,0.015380160077048888,"1, 5.0","(a) constrained, $L=12$"
12,9,1,4,0.000732,0,false,4.0,0.024598054458563286,"0, 4.0","(a) constrained, $L=12$"
12,9,1,4,0.000732,2,false,4.0,0.031032280812051328,"2, 4.0","(a) constrained, $L=12$"
12,9,1,4,0.000732,1,false,2.0,0.14713205862043993,"1, 2.0","(a) constrained, $L=12$"
12,9,1,4,0.000732,0,false,0.0,1.0,"0, 0.0","(a) constrained, $L=12$"
12,9,1,4,0.000831,1,false,4.0,0.008053120153866215,"1, 4.0","(a) constrained, $L=12$"
12,9,1,4,0.000831,1,false,5.0,0.015402974699245064,"1, 5.0","(a) constrained, $L=12$"
12,9,1,4,0.000831,0,false,4.0,0.025791449519053013,"0, 4.0","(a) constrained, $L=12$"
12,9,1,4,0.000831,2,false,4.0,0.0325698241455463,"2, 4.0","(a) constrained, $L=12$"
12,9,1,4,0.000831,1,false,2.0,0.157846252195339,"1, 2.0","(a) constrained, $L=12$"
12,9,1,4,0.000831,0,false,0.0,1.0,"0, 0.0","(a) constrained, $L=12$"
12,9,1,4,0.000944,1,false,4.0,0.00805963245121868,"1, 4.0","(a) constrained, $L=12$"
12,9,1,4,0.000944,1,false,5.0,0.015431767454753857,"1, 5.0","(a) constrained, $L=12$"
12,9,1,4,0.000944,0,false,4.0,0.02697597571493482,"0, 4.0","(a) constrained, $L=12$"
12,9,1,4,0.000944,2,false,4.0,0.03421685729031379,"2, 4.0","(a) constrained, $L=12$"
12,9,1,4,0.000944,1,false,2.0,0.167867892370056,"1, 2.0","(a) constrained, $L=12$"
12,9,1,4,0.000944,0,false,0.0,1.0,"0, 0.0","(a) constrained, $L=12$"
12,9,1,4,0.00107,1,false,4.0,0.008067764360039564,"1, 4.0","(a) constrained, $L=12$"
12,9,1,4,0.00107,1,false,5.0,0.015473665291121041,"1, 5.0","(a) constrained, $L=12$"
12,9,1,4,0.00107,0,false,4.0,0.028227487515767688,"0, 4.0","(a) constrained, $L=12$"
12,9,1,4,0.00107,2,false,4.0,0.0359566121468704,"2, 4.0","(a) constrained, $L=12$"
12,9,1,4,0.00107,1,false,2.0,0.17765349221104165,"1, 2.0","(a) constrained, $L=12$"
12,9,1,4,0.00107,0,false,0.0,1.0,"0, 0.0","(a) constrained, $L=12$"
12,9,1,4,0.00122,1,false,4.0,0.008077870752927376,"1, 4.0","(a) constrained, $L=12$"
12,9,1,4,0.00122,1,false,5.0,0.015529612263468068,"1, 5.0","(a) constrained, $L=12$"
12,9,1,4,0.00122,0,false,4.0,0.029411967132000335,"0, 4.0","(a) constrained, $L=12$"
12,9,1,4,0.00122,2,false,4.0,0.03770197064184857,"2, 4.0","(a) constrained, $L=12$"
12,9,1,4,0.00122,1,false,2.0,0.18720854432288644,"1, 2.0","(a) constrained, $L=12$"
12,9,1,4,0.00122,0,false,0.0,1.0000000000000002,"0, 0.0","(a) constrained, $L=12$"
12,9,1,4,0.00138,1,false,4.0,0.008090748535128084,"1, 4.0","(a) constrained, $L=12$"
12,9,1,4,0.00138,1,false,5.0,0.015599128574500819,"1, 5.0","(a) constrained, $L=12$"
12,9,1,4,0.00138,0,false,4.0,0.030907149983319185,"0, 4.0","(a) constrained, $L=12$"
12,9,1,4,0.00138,2,false,4.0,0.0396562537074685,"2, 4.0","(a) constrained, $L=12$"
12,9,1,4,0.00138,1,false,2.0,0.19806309765035893,"1, 2.0","(a) constrained, $L=12$"
12,9,1,4,0.00138,0,false,0.0,1.0,"0, 0.0","(a) constrained, $L=12$"
12,9,1,4,0.00157,1,false,4.0,0.008107138435064847,"1, 4.0","(a) constrained, $L=12$"
12,9,1,4,0.00157,1,false,5.0,0.015685454366449775,"1, 5.0","(a) constrained, $L=12$"
12,9,1,4,0.00157,0,false,4.0,0.032431415477005024,"0, 4.0","(a) constrained, $L=12$"
12,9,1,4,0.00157,2,false,4.0,0.04175716194105186,"2, 4.0","(a) constrained, $L=12$"
12,9,1,4,0.00157,1,false,2.0,0.21016291169030168,"1, 2.0","(a) constrained, $L=12$"
12,9,1,4,0.00157,0,false,0.0,1.0,"0, 0.0","(a) constrained, $L=12$"
12,9,1,4,0.00178,1,false,4.0,0.008127815514564365,"1, 4.0","(a) constrained, $L=12$"
12,9,1,4,0.00178,1,false,5.0,0.015793119239260682,"1, 5.0","(a) constrained, $L=12$"
12,9,1,4,0.00178,0,false,4.0,0.03398174055318841,"0, 4.0","(a) constrained, $L=12$"
12,9,1,4,0.00178,2,false,4.0,0.043960174124129676,"2, 4.0","(a) constrained, $L=12$"
12,9,1,4,0.00178,1,false,2.0,0.221844743468183,"1, 2.0","(a) constrained, $L=12$"
12,9,1,4,0.00178,0,false,0.0,1.0000000000000002,"0, 0.0","(a) constrained, $L=12$"
12,9,1,4,0.00203,1,false,4.0,0.008154645160447187,"1, 4.0","(a) constrained, $L=12$"
12,9,1,4,0.00203,1,false,5.0,0.015927714140400385,"1, 5.0","(a) constrained, $L=12$"
12,9,1,4,0.00203,0,false,4.0,0.03555433115872459,"0, 4.0","(a) constrained, $L=12$"
12,9,1,4,0.00203,2,false,4.0,0.046127627038604645,"2, 4.0","(a) constrained, $L=12$"
12,9,1,4,0.00203,1,false,2.0,0.23401624358296672,"1, 2.0","(a) constrained, $L=12$"
12,9,1,4,0.00203,0,false,0.0,1.0,"0, 0.0","(a) constrained, $L=12$"
12,9,1,4,0.0023,1,false,4.0,0.008188286759621247,"1, 4.0","(a) constrained, $L=12$"
12,9,1,4,0.0023,1,false,5.0,0.016094397917501106,"1, 5.0","(a) constrained, $L=12$"
12,9,1,4,0.0023,0,false,4.0,0.037069033360829326,"0, 4.0","(a) constrained, $L=12$"
12,9,1,4,0.0023,2,false,4.0,0.04827426689419752,"2, 4.0","(a) constrained, $L=12$"
12,9,1,4,0.0023,1,false,2.0,0.2449284658599069,"1, 2.0","(a) constrained, $L=12$"
12,9,1,4,0.0023,0,false,0.0,1.0,"0, 0.0","(a) constrained, $L=12$"
12,9,1,4,0.00261,1,false,4.0,0.00823096475745662,"1, 4.0","(a) constrained, $L=12$"
12,9,1,4,0.00261,1,false,5.0,0.016299953193157985,"1, 5.0","(a) constrained, $L=12$"
12,9,1,4,0.00261,0,false,4.0,0.03860066100570143,"0, 4.0","(a) constrained, $L=12$"
12,9,1,4,0.00261,2,false,4.0,0.05040418894916987,"2, 4.0","(a) constrained, $L=12$"
12,9,1,4,0.00261,1,false,2.0,0.25759056919292694,"1, 2.0","(a) constrained, $L=12$"
12,9,1,4,0.00261,0,false,0.0,1.0,"0, 0.0","(a) constrained, $L=12$"
12,9,1,4,0.00297,1,false,4.0,0.00828534835910841,"1, 4.0","(a) constrained, $L=12$"
12,9,1,4,0.00297,1,false,5.0,0.01655152475017836,"1, 5.0","(a) constrained, $L=12$"
12,9,1,4,0.00297,0,false,4.0,0.04009771165746811,"0, 4.0","(a) constrained, $L=12$"
12,9,1,4,0.00297,2,false,4.0,0.0524512870615183,"2, 4.0","(a) constrained, $L=12$"
12,9,1,4,0.00297,1,false,2.0,0.2697549543264304,"1, 2.0","(a) constrained, $L=12$"
12,9,1,4,0.00297,0,false,0.0,1.0,"0, 0.0","(a) constrained, $L=12$"
12,9,1,4,0.00337,1,false,4.0,0.008355040273286542,"1, 4.0","(a) constrained, $L=12$"
12,9,1,4,0.00337,1,false,5.0,0.016857699566774284,"1, 5.0","(a) constrained, $L=12$"
12,9,1,4,0.00337,0,false,4.0,0.041649630947714504,"0, 4.0","(a) constrained, $L=12$"
12,9,1,4,0.00337,2,false,4.0,0.05463536253667015,"2, 4.0","(a) constrained, $L=12$"
12,9,1,4,0.00337,1,false,2.0,0.2810218129230754,"1, 2.0","(a) constrained, $L=12$"
12,9,1,4,0.00337,0,false,0.0,1.0,"0, 0.0","(a) constrained, $L=12$"
12,9,1,4,0.00383,1,false,4.0,0.008444874605232407,"1, 4.0","(a) constrained, $L=12$"
12,9,1,4,0.00383,1,false,5.0,0.01722812938787733,"1, 5.0","(a) constrained, $L=12$"
12,9,1,4,0.00383,0,false,4.0,0.04330778980323607,"0, 4.0","(a) constrained, $L=12$"
12,9,1,4,0.00383,2,false,4.0,0.056936676378628134,"2, 4.0","(a) constrained, $L=12$"
12,9,1,4,0.00383,1,false,2.0,0.2916835420445006,"1, 2.0","(a) constrained, $L=12$"
12,9,1,4,0.00383,0,false,0.0,1.0,"0, 0.0","(a) constrained, $L=12$"
12,9,1,4,0.00435,1,false,4.0,0.008560402499587344,"1, 4.0","(a) constrained, $L=12$"
12,9,1,4,0.00435,1,false,5.0,0.01767304344781021,"1, 5.0","(a) constrained, $L=12$"
12,9,1,4,0.00435,0,false,4.0,0.044959503778507534,"0, 4.0","(a) constrained, $L=12$"
12,9,1,4,0.00435,2,false,4.0,0.059109528136192004,"2, 4.0","(a) constrained, $L=12$"
12,9,1,4,0.00435,1,false,2.0,0.30205565660263134,"1, 2.0","(a) constrained, $L=12$"
12,9,1,4,0.00435,0,false,0.0,1.0,"0, 0.0","(a) constrained, $L=12$"
12,9,1,4,0.00494,1,false,4.0,0.00870760169518973,"1, 4.0","(a) constrained, $L=12$"
12,9,1,4,0.00494,1,false,5.0,0.01820246095591107,"1, 5.0","(a) constrained, $L=12$"
12,9,1,4,0.00494,0,false,4.0,0.04652773321461228,"0, 4.0","(a) constrained, $L=12$"
12,9,1,4,0.00494,2,false,4.0,0.06120313259279605,"2, 4.0","(a) constrained, $L=12$"
12,9,1,4,0.00494,1,false,2.0,0.3126070720467164,"1, 2.0","(a) constrained, $L=12$"
12,9,1,4,0.00494,0,false,0.0,1.0,"0, 0.0","(a) constrained, $L=12$"
12,9,1,4,0.00561,1,false,4.0,0.008892881337442921,"1, 4.0","(a) constrained, $L=12$"
12,9,1,4,0.00561,1,false,5.0,0.018824419809661305,"1, 5.0","(a) constrained, $L=12$"
12,9,1,4,0.00561,0,false,4.0,0.04801484753281641,"0, 4.0","(a) constrained, $L=12$"
12,9,1,4,0.00561,2,false,4.0,0.06321342038879733,"2, 4.0","(a) constrained, $L=12$"
12,9,1,4,0.00561,1,false,2.0,0.32320708104278134,"1, 2.0","(a) constrained, $L=12$"
12,9,1,4,0.00561,0,false,0.0,1.0,"0, 0.0","(a) constrained, $L=12$"
12,9,1,4,0.00637,1,false,4.0,0.009121994295102588,"1, 4.0","(a) constrained, $L=12$"
12,9,1,4,0.00637,1,false,5.0,0.01954181088743161,"1, 5.0","(a) constrained, $L=12$"
12,9,1,4,0.00637,0,false,4.0,0.049479976877309324,"0, 4.0","(a) constrained, $L=12$"
12,9,1,4,0.00637,2,false,4.0,0.06511383528831703,"2, 4.0","(a) constrained, $L=12$"
12,9,1,4,0.00637,1,false,2.0,0.3345194382197658,"1, 2.0","(a) constrained, $L=12$"
12,9,1,4,0.00637,0,false,0.0,1.0,"0, 0.0","(a) constrained, $L=12$"
12,9,1,4,0.00723,1,false,4.0,0.00939968587467493,"1, 4.0","(a) constrained, $L=12$"
12,9,1,4,0.00723,1,false,5.0,0.02037652191152539,"1, 5.0","(a) constrained, $L=12$"
12,9,1,4,0.00723,0,false,4.0,0.05083561426222174,"0, 4.0","(a) constrained, $L=12$"
12,9,1,4,0.00723,2,false,4.0,0.06688302362534836,"2, 4.0","(a) constrained, $L=12$"
12,9,1,4,0.00723,1,false,2.0,0.34390423749508625,"1, 2.0","(a) constrained, $L=12$"
12,9,1,4,0.00723,0,false,0.0,1.0,"0, 0.0","(a) constrained, $L=12$"
12,9,1,4,0.00821,1,false,4.0,0.009745630647369063,"1, 4.0","(a) constrained, $L=12$"
12,9,1,4,0.00821,1,false,5.0,0.02132176403760911,"1, 5.0","(a) constrained, $L=12$"
12,9,1,4,0.00821,0,false,4.0,0.05221937018753112,"0, 4.0","(a) constrained, $L=12$"
12,9,1,4,0.00821,2,false,4.0,0.06854807964979805,"2, 4.0","(a) constrained, $L=12$"
12,9,1,4,0.00821,1,false,2.0,0.3525821777725398,"1, 2.0","(a) constrained, $L=12$"
12,9,1,4,0.00821,0,false,0.0,1.0,"0, 0.0","(a) constrained, $L=12$"
12,9,1,4,0.00933,1,false,4.0,0.010168568214141532,"1, 4.0","(a) constrained, $L=12$"
12,9,1,4,0.00933,1,false,5.0,0.02239807801700557,"1, 5.0","(a) constrained, $L=12$"
12,9,1,4,0.00933,0,false,4.0,0.0536613536565239,"0, 4.0","(a) constrained, $L=12$"
12,9,1,4,0.00933,2,false,4.0,0.0702602873746324,"2, 4.0","(a) constrained, $L=12$"
12,9,1,4,0.00933,1,false,2.0,0.3620809684830805,"1, 2.0","(a) constrained, $L=12$"
12,9,1,4,0.00933,0,false,0.0,1.0,"0, 0.0","(a) constrained, $L=12$"
12,9,1,4,0.0106,1,false,4.0,0.010667236075373948,"1, 4.0","(a) constrained, $L=12$"
12,9,1,4,0.0106,1,false,5.0,0.02364009201350521,"1, 5.0","(a) constrained, $L=12$"
12,9,1,4,0.0106,0,false,4.0,0.05509235710808255,"0, 4.0","(a) constrained, $L=12$"
12,9,1,4,0.0106,2,false,4.0,0.07189678564551386,"2, 4.0","(a) constrained, $L=12$"
12,9,1,4,0.0106,1,false,2.0,0.3693505525118602,"1, 2.0","(a) constrained, $L=12$"
12,9,1,4,0.0106,0,false,0.0,1.0,"0, 0.0","(a) constrained, $L=12$"
12,9,1,4,0.012,1,false,4.0,0.011243003427763302,"1, 4.0","(a) constrained, $L=12$"
12,9,1,4,0.012,1,false,5.0,0.025025616824096965,"1, 5.0","(a) constrained, $L=12$"
12,9,1,4,0.012,0,false,4.0,0.05651463076944813,"0, 4.0","(a) constrained, $L=12$"
12,9,1,4,0.012,2,false,4.0,0.07352666974231005,"2, 4.0","(a) constrained, $L=12$"
12,9,1,4,0.012,1,false,2.0,0.3767409498024125,"1, 2.0","(a) constrained, $L=12$"
12,9,1,4,0.012,0,false,0.0,1.0,"0, 0.0","(a) constrained, $L=12$"
12,9,1,4,0.0137,1,false,4.0,0.01190258441063646,"1, 4.0","(a) constrained, $L=12$"
12,9,1,4,0.0137,1,false,5.0,0.026549840150246896,"1, 5.0","(a) constrained, $L=12$"
12,9,1,4,0.0137,0,false,4.0,0.058019878455144815,"0, 4.0","(a) constrained, $L=12$"
12,9,1,4,0.0137,2,false,4.0,0.0751971502554191,"2, 4.0","(a) constrained, $L=12$"
12,9,1,4,0.0137,1,false,2.0,0.38326529025324535,"1, 2.0","(a) constrained, $L=12$"
12,9,1,4,0.0137,0,false,0.0,1.0,"0, 0.0","(a) constrained, $L=12$"
12,9,1,4,0.0155,1,false,4.0,0.012644313221966469,"1, 4.0","(a) constrained, $L=12$"
12,9,1,4,0.0155,1,false,5.0,0.028244861005772576,"1, 5.0","(a) constrained, $L=12$"
12,9,1,4,0.0155,0,false,4.0,0.059639310650998686,"0, 4.0","(a) constrained, $L=12$"
12,9,1,4,0.0155,2,false,4.0,0.0769178252606535,"2, 4.0","(a) constrained, $L=12$"
12,9,1,4,0.0155,1,false,2.0,0.3899227698762249,"1, 2.0","(a) constrained, $L=12$"
12,9,1,4,0.0155,0,false,0.0,1.0,"0, 0.0","(a) constrained, $L=12$"
12,9,1,4,0.0176,1,false,4.0,0.013449575586257286,"1, 4.0","(a) constrained, $L=12$"
12,9,1,4,0.0176,1,false,5.0,0.030107049896078937,"1, 5.0","(a) constrained, $L=12$"
12,9,1,4,0.0176,0,false,4.0,0.061381336693107295,"0, 4.0","(a) constrained, $L=12$"
12,9,1,4,0.0176,2,false,4.0,0.07867899913763342,"2, 4.0","(a) constrained, $L=12$"
12,9,1,4,0.0176,1,false,2.0,0.39685842863754045,"1, 2.0","(a) constrained, $L=12$"
12,9,1,4,0.0176,0,false,0.0,1.0,"0, 0.0","(a) constrained, $L=12$"
12,9,1,4,0.02,1,false,4.0,0.014318526061770354,"1, 4.0","(a) constrained, $L=12$"
12,9,1,4,0.02,1,false,5.0,0.03224549255317003,"1, 5.0","(a) constrained, $L=12$"
12,9,1,4,0.02,0,false,4.0,0.06319276587348824,"0, 4.0","(a) constrained, $L=12$"
12,9,1,4,0.02,2,false,4.0,0.0805346450661475,"2, 4.0","(a) constrained, $L=12$"
12,9,1,4,0.02,1,false,2.0,0.4017377966889514,"1, 2.0","(a) constrained, $L=12$"
12,9,1,4,0.02,0,false,0.0,1.0,"0, 0.0","(a) constrained, $L=12$"
12,9,1,4,0.0227,1,false,4.0,0.015197639459350742,"1, 4.0","(a) constrained, $L=12$"
12,9,1,4,0.0227,1,false,5.0,0.03456129611308545,"1, 5.0","(a) constrained, $L=12$"
12,9,1,4,0.0227,0,false,4.0,0.0651128522214807,"0, 4.0","(a) constrained, $L=12$"
12,9,1,4,0.0227,2,false,4.0,0.08256614121399691,"2, 4.0","(a) constrained, $L=12$"
12,9,1,4,0.0227,1,false,2.0,0.4053502060209165,"1, 2.0","(a) constrained, $L=12$"
12,9,1,4,0.0227,0,false,0.0,1.0,"0, 0.0","(a) constrained, $L=12$"
12,9,1,4,0.0258,1,false,4.0,0.015900422955213583,"1, 4.0","(a) constrained, $L=12$"
12,9,1,4,0.0258,1,false,5.0,0.03720007293394086,"1, 5.0","(a) constrained, $L=12$"
12,9,1,4,0.0258,0,false,4.0,0.06709471293730714,"0, 4.0","(a) constrained, $L=12$"
12,9,1,4,0.0258,2,false,4.0,0.08463319297983014,"2, 4.0","(a) constrained, $L=12$"
12,9,1,4,0.0258,1,false,2.0,0.40809611453879663,"1, 2.0","(a) constrained, $L=12$"
12,9,1,4,0.0258,0,false,0.0,1.0,"0, 0.0","(a) constrained, $L=12$"
12,9,1,4,0.0293,1,false,4.0,0.016642797161666792,"1, 4.0","(a) constrained, $L=12$"
12,9,1,4,0.0293,1,false,5.0,0.040157379408228715,"1, 5.0","(a) constrained, $L=12$"
12,9,1,4,0.0293,0,false,4.0,0.06919827487934056,"0, 4.0","(a) constrained, $L=12$"
12,9,1,4,0.0293,2,false,4.0,0.08666740733570262,"2, 4.0","(a) constrained, $L=12$"
12,9,1,4,0.0293,1,false,2.0,0.41178101050139476,"1, 2.0","(a) constrained, $L=12$"
12,9,1,4,0.0293,0,false,0.0,1.0,"0, 0.0","(a) constrained, $L=12$"
12,9,1,4,0.0333,1,false,4.0,0.017466734323381892,"1, 4.0","(a) constrained, $L=12$"
12,9,1,4,0.0333,1,false,5.0,0.04337123656532841,"1, 5.0","(a) constrained, $L=12$"
12,9,1,4,0.0333,0,false,4.0,0.07161336741485744,"0, 4.0","(a) constrained, $L=12$"
12,9,1,4,0.0333,2,false,4.0,0.08896941450199611,"2, 4.0","(a) constrained, $L=12$"
12,9,1,4,0.0333,1,false,2.0,0.414863390036763,"1, 2.0","(a) constrained, $L=12$"
12,9,1,4,0.0333,0,false,0.0,1.0,"0, 0.0","(a) constrained, $L=12$"
12,9,1,4,0.0378,1,false,4.0,0.01861398165625043,"1, 4.0","(a) constrained, $L=12$"
12,9,1,4,0.0378,1,false,5.0,0.047126276205839625,"1, 5.0","(a) constrained, $L=12$"
12,9,1,4,0.0378,0,false,4.0,0.07420680550571057,"0, 4.0","(a) constrained, $L=12$"
12,9,1,4,0.0378,2,false,4.0,0.09140367215062403,"2, 4.0","(a) constrained, $L=12$"
12,9,1,4,0.0378,1,false,2.0,0.4178129783382292,"1, 2.0","(a) constrained, $L=12$"
12,9,1,4,0.0378,0,false,0.0,1.0,"0, 0.0","(a) constrained, $L=12$"
12,9,1,4,0.043,1,false,4.0,0.01967241654557891,"1, 4.0","(a) constrained, $L=12$"
12,9,1,4,0.043,1,false,5.0,0.05136229879781564,"1, 5.0","(a) constrained, $L=12$"
12,9,1,4,0.043,0,false,4.0,0.07691140695540895,"0, 4.0","(a) constrained, $L=12$"
12,9,1,4,0.043,2,false,4.0,0.09414058761189945,"2, 4.0","(a) constrained, $L=12$"
12,9,1,4,0.043,1,false,2.0,0.420240472734399,"1, 2.0","(a) constrained, $L=12$"
12,9,1,4,0.043,0,false,0.0,1.0,"0, 0.0","(a) constrained, $L=12$"
12,9,1,4,0.0488,1,false,4.0,0.021369470429508756,"1, 4.0","(a) constrained, $L=12$"
12,9,1,4,0.0488,1,false,5.0,0.05634203945925254,"1, 5.0","(a) constrained, $L=12$"
12,9,1,4,0.0488,0,false,4.0,0.0798351083883584,"0, 4.0","(a) constrained, $L=12$"
12,9,1,4,0.0488,2,false,4.0,0.09701358331367696,"2, 4.0","(a) constrained, $L=12$"
12,9,1,4,0.0488,1,false,2.0,0.4218482566977256,"1, 2.0","(a) constrained, $L=12$"
12,9,1,4,0.0488,0,false,0.0,1.0,"0, 0.0","(a) constrained, $L=12$"
12,9,1,4,0.0554,1,false,4.0,0.023164267355439874,"1, 4.0","(a) constrained, $L=12$"
12,9,1,4,0.0554,1,false,5.0,0.06225899950760545,"1, 5.0","(a) constrained, $L=12$"
12,9,1,4,0.0554,0,false,4.0,0.08305909097019509,"0, 4.0","(a) constrained, $L=12$"
12,9,1,4,0.0554,2,false,4.0,0.100335844583265,"2, 4.0","(a) constrained, $L=12$"
12,9,1,4,0.0554,1,false,2.0,0.42545650954651715,"1, 2.0","(a) constrained, $L=12$"
12,9,1,4,0.0554,0,false,0.0,1.0,"0, 0.0","(a) constrained, $L=12$"
12,9,1,4,0.0629,1,false,4.0,0.0250780246778688,"1, 4.0","(a) constrained, $L=12$"
12,9,1,4,0.0629,1,false,5.0,0.06952142389978071,"1, 5.0","(a) constrained, $L=12$"
12,9,1,4,0.0629,0,false,4.0,0.08593318089279646,"0, 4.0","(a) constrained, $L=12$"
12,9,1,4,0.0629,2,false,4.0,0.10297102294257879,"2, 4.0","(a) constrained, $L=12$"
12,9,1,4,0.0629,1,false,2.0,0.4285352549124086,"1, 2.0","(a) constrained, $L=12$"
12,9,1,4,0.0629,0,false,0.0,1.0,"0, 0.0","(a) constrained, $L=12$"
12,9,1,4,0.0715,1,false,4.0,0.027181602182651306,"1, 4.0","(a) constrained, $L=12$"
12,9,1,4,0.0715,1,false,5.0,0.07758444573936396,"1, 5.0","(a) constrained, $L=12$"
12,9,1,4,0.0715,0,false,4.0,0.089621255116716,"0, 4.0","(a) constrained, $L=12$"
12,9,1,4,0.0715,2,false,4.0,0.10689091202941188,"2, 4.0","(a) constrained, $L=12$"
12,9,1,4,0.0715,1,false,2.0,0.429131220613819,"1, 2.0","(a) constrained, $L=12$"
12,9,1,4,0.0715,0,false,0.0,1.0,"0, 0.0","(a) constrained, $L=12$"
12,9,1,4,0.0812,1,false,4.0,0.029769194354316783,"1, 4.0","(a) constrained, $L=12$"
12,9,1,4,0.0812,1,false,5.0,0.08775868208195131,"1, 5.0","(a) constrained, $L=12$"
12,9,1,4,0.0812,0,false,4.0,0.09297570864844315,"0, 4.0","(a) constrained, $L=12$"
12,9,1,4,0.0812,2,false,4.0,0.11013882011994601,"2, 4.0","(a) constrained, $L=12$"
12,9,1,4,0.0812,1,false,2.0,0.4331901900342897,"1, 2.0","(a) constrained, $L=12$"
12,9,1,4,0.0812,0,false,0.0,1.0,"0, 0.0","(a) constrained, $L=12$"
12,9,1,4,0.0922,1,false,4.0,0.03201166097569488,"1, 4.0","(a) constrained, $L=12$"
12,9,1,4,0.0922,1,false,5.0,0.09866741246449566,"1, 5.0","(a) constrained, $L=12$"
12,9,1,4,0.0922,0,false,4.0,0.09665583702018322,"0, 4.0","(a) constrained, $L=12$"
12,9,1,4,0.0922,2,false,4.0,0.11378691861246877,"2, 4.0","(a) constrained, $L=12$"
12,9,1,4,0.0922,1,false,2.0,0.43743980090091145,"1, 2.0","(a) constrained, $L=12$"
12,9,1,4,0.0922,0,false,0.0,1.0,"0, 0.0","(a) constrained, $L=12$"
12,9,1,4,0.105,1,false,4.0,0.03471596597204421,"1, 4.0","(a) constrained, $L=12$"
12,9,1,4,0.105,1,false,5.0,0.11125398957598556,"1, 5.0","(a) constrained, $L=12$"
12,9,1,4,0.105,0,false,4.0,0.10039474555716196,"0, 4.0","(a) constrained, $L=12$"
12,9,1,4,0.105,2,false,4.0,0.11720120279872288,"2, 4.0","(a) constrained, $L=12$"
12,9,1,4,0.105,1,false,2.0,0.4429328972798654,"1, 2.0","(a) constrained, $L=12$"
12,9,1,4,0.105,0,false,0.0,1.0,"0, 0.0","(a) constrained, $L=12$"
12,9,1,4,0.119,1,false,4.0,0.037976226893490256,"1, 4.0","(a) constrained, $L=12$"
12,9,1,4,0.119,1,false,5.0,0.12714411073839188,"1, 5.0","(a) constrained, $L=12$"
12,9,1,4,0.119,0,false,4.0,0.10503568473830668,"0, 4.0","(a) constrained, $L=12$"
12,9,1,4,0.119,2,false,4.0,0.12174533072256165,"2, 4.0","(a) constrained, $L=12$"
12,9,1,4,0.119,1,false,2.0,0.45173040500028455,"1, 2.0","(a) constrained, $L=12$"
12,9,1,4,0.119,0,false,0.0,1.0,"0, 0.0","(a) constrained, $L=12$"
12,9,1,4,0.135,1,false,4.0,0.041301707420655864,"1, 4.0","(a) constrained, $L=12$"
12,9,1,4,0.135,1,false,5.0,0.14059028171666568,"1, 5.0","(a) constrained, $L=12$"
12,9,1,4,0.135,0,false,4.0,0.11049478483108402,"0, 4.0","(a) constrained, $L=12$"
12,9,1,4,0.135,2,false,4.0,0.1276215036687944,"2, 4.0","(a) constrained, $L=12$"
12,9,1,4,0.135,1,false,2.0,0.4623394378549062,"1, 2.0","(a) constrained, $L=12$"
12,9,1,4,0.135,0,false,0.0,1.0,"0, 0.0","(a) constrained, $L=12$"
12,9,1,4,0.153,1,false,4.0,0.04480907590248066,"1, 4.0","(a) constrained, $L=12$"
12,9,1,4,0.153,1,false,5.0,0.15584004446836694,"1, 5.0","(a) constrained, $L=12$"
12,9,1,4,0.153,0,false,4.0,0.11557160024337187,"0, 4.0","(a) constrained, $L=12$"
12,9,1,4,0.153,2,false,4.0,0.13267164373525947,"2, 4.0","(a) constrained, $L=12$"
12,9,1,4,0.153,1,false,2.0,0.46873325124479975,"1, 2.0","(a) constrained, $L=12$"
12,9,1,4,0.153,0,false,0.0,1.0,"0, 0.0","(a) constrained, $L=12$"
12,9,1,4,0.174,1,false,4.0,0.048599220728958684,"1, 4.0","(a) constrained, $L=12$"
12,9,1,4,0.174,1,false,5.0,0.1705663103158828,"1, 5.0","(a) constrained, $L=12$"
12,9,1,4,0.174,0,false,4.0,0.12100917019420195,"0, 4.0","(a) constrained, $L=12$"
12,9,1,4,0.174,2,false,4.0,0.1382484646010828,"2, 4.0","(a) constrained, $L=12$"
12,9,1,4,0.174,1,false,2.0,0.48341295924095656,"1, 2.0","(a) constrained, $L=12$"
12,9,1,4,0.174,0,false,0.0,1.0,"0, 0.0","(a) constrained, $L=12$"
12,9,1,4,0.198,1,false,4.0,0.05274331572210424,"1, 4.0","(a) constrained, $L=12$"
12,9,1,4,0.198,1,false,5.0,0.18663120206686415,"1, 5.0","(a) constrained, $L=12$"
12,9,1,4,0.198,0,false,4.0,0.1274002008501713,"0, 4.0","(a) constrained, $L=12$"
12,9,1,4,0.198,2,false,4.0,0.14570461765453124,"2, 4.0","(a) constrained, $L=12$"
12,9,1,4,0.198,1,false,2.0,0.5010956378520603,"1, 2.0","(a) constrained, $L=12$"
12,9,1,4,0.198,0,false,0.0,1.0,"0, 0.0","(a) constrained, $L=12$"
12,9,1,4,0.225,1,false,4.0,0.05865100933770128,"1, 4.0","(a) constrained, $L=12$"
12,9,1,4,0.225,1,false,5.0,0.20285601850914028,"1, 5.0","(a) constrained, $L=12$"
12,9,1,4,0.225,0,false,4.0,0.13389335001568967,"0, 4.0","(a) constrained, $L=12$"
12,9,1,4,0.225,2,false,4.0,0.15394747303744025,"2, 4.0","(a) constrained, $L=12$"
12,9,1,4,0.225,1,false,2.0,0.5167440251395027,"1, 2.0","(a) constrained, $L=12$"
12,9,1,4,0.225,0,false,0.0,1.0,"0, 0.0","(a) constrained, $L=12$"
12,9,1,4,0.255,1,false,4.0,0.06413479764717314,"1, 4.0","(a) constrained, $L=12$"
12,9,1,4,0.255,1,false,5.0,0.2165582466655292,"1, 5.0","(a) constrained, $L=12$"
12,9,1,4,0.255,0,false,4.0,0.14152586841251585,"0, 4.0","(a) constrained, $L=12$"
12,9,1,4,0.255,2,false,4.0,0.1632272922914457,"2, 4.0","(a) constrained, $L=12$"
12,9,1,4,0.255,1,false,2.0,0.5357780741879007,"1, 2.0","(a) constrained, $L=12$"
12,9,1,4,0.255,0,false,0.0,1.0,"0, 0.0","(a) constrained, $L=12$"
12,9,1,4,0.29,1,false,4.0,0.06967782818610889,"1, 4.0","(a) constrained, $L=12$"
12,9,1,4,0.29,1,false,5.0,0.22308483089750103,"1, 5.0","(a) constrained, $L=12$"
12,9,1,4,0.29,0,false,4.0,0.1471551294536041,"0, 4.0","(a) constrained, $L=12$"
12,9,1,4,0.29,2,false,4.0,0.17034418425159986,"2, 4.0","(a) constrained, $L=12$"
12,9,1,4,0.29,1,false,2.0,0.5573010178697707,"1, 2.0","(a) constrained, $L=12$"
12,9,1,4,0.29,0,false,0.0,1.0,"0, 0.0","(a) constrained, $L=12$"
12,9,1,4,0.329,1,false,4.0,0.07490107288629462,"1, 4.0","(a) constrained, $L=12$"
12,9,1,4,0.329,1,false,5.0,0.24051872581305567,"1, 5.0","(a) constrained, $L=12$"
12,9,1,4,0.329,0,false,4.0,0.15385719714674842,"0, 4.0","(a) constrained, $L=12$"
12,9,1,4,0.329,2,false,4.0,0.17968218835714198,"2, 4.0","(a) constrained, $L=12$"
12,9,1,4,0.329,1,false,2.0,0.5790965046419947,"1, 2.0","(a) constrained, $L=12$"
12,9,1,4,0.329,0,false,0.0,1.0,"0, 0.0","(a) constrained, $L=12$"
12,9,1,4,0.374,1,false,4.0,0.08639968051801628,"1, 4.0","(a) constrained, $L=12$"
12,9,1,4,0.374,1,false,5.0,0.26276436918953927,"1, 5.0","(a) constrained, $L=12$"
12,9,1,4,0.374,0,false,4.0,0.16078582128301117,"0, 4.0","(a) constrained, $L=12$"
12,9,1,4,0.374,2,false,4.0,0.1898283132552184,"2, 4.0","(a) constrained, $L=12$"
12,9,1,4,0.374,1,false,2.0,0.6027046088238476,"1, 2.0","(a) constrained, $L=12$"
12,9,1,4,0.374,0,false,0.0,1.0,"0, 0.0","(a) constrained, $L=12$"
12,9,1,4,0.425,1,false,4.0,0.0949369518849237,"1, 4.0","(a) constrained, $L=12$"
12,9,1,4,0.425,1,false,5.0,0.2748750186173287,"1, 5.0","(a) constrained, $L=12$"
12,9,1,4,0.425,0,false,4.0,0.1670754324917136,"0, 4.0","(a) constrained, $L=12$"
12,9,1,4,0.425,2,false,4.0,0.1989682208098567,"2, 4.0","(a) constrained, $L=12$"
12,9,1,4,0.425,1,false,2.0,0.6234776597130095,"1, 2.0","(a) constrained, $L=12$"
12,9,1,4,0.425,0,false,0.0,1.0,"0, 0.0","(a) constrained, $L=12$"
12,9,1,4,0.482,1,false,4.0,0.10296018552704352,"1, 4.0","(a) constrained, $L=12$"
12,9,1,4,0.482,1,false,5.0,0.28780054399531235,"1, 5.0","(a) constrained, $L=12$"
12,9,1,4,0.482,0,false,4.0,0.17255819491135346,"0, 4.0","(a) constrained, $L=12$"
12,9,1,4,0.482,2,false,4.0,0.20500525998494365,"2, 4.0","(a) constrained, $L=12$"
12,9,1,4,0.482,1,false,2.0,0.6501681856713132,"1, 2.0","(a) constrained, $L=12$"
12,9,1,4,0.482,0,false,0.0,1.0,"0, 0.0","(a) constrained, $L=12$"
12,9,1,4,0.548,1,false,4.0,0.11024010033402426,"1, 4.0","(a) constrained, $L=12$"
12,9,1,4,0.548,1,false,5.0,0.30640344763258903,"1, 5.0","(a) constrained, $L=12$"
12,9,1,4,0.548,0,false,4.0,0.17836742756415447,"0, 4.0","(a) constrained, $L=12$"
12,9,1,4,0.548,2,false,4.0,0.21310849747915295,"2, 4.0","(a) constrained, $L=12$"
12,9,1,4,0.548,1,false,2.0,0.6733610749696058,"1, 2.0","(a) constrained, $L=12$"
12,9,1,4,0.548,0,false,0.0,1.0,"0, 0.0","(a) constrained, $L=12$"
12,9,1,4,0.622,1,false,4.0,0.12419149897787424,"1, 4.0","(a) constrained, $L=12$"
12,9,1,4,0.622,1,false,5.0,0.3220235474343178,"1, 5.0","(a) constrained, $L=12$"
12,9,1,4,0.622,0,false,4.0,0.1873467439114159,"0, 4.0","(a) constrained, $L=12$"
12,9,1,4,0.622,2,false,4.0,0.226070273597637,"2, 4.0","(a) constrained, $L=12$"
12,9,1,4,0.622,1,false,2.0,0.6976216538240853,"1, 2.0","(a) constrained, $L=12$"
12,9,1,4,0.622,0,false,0.0,1.0,"0, 0.0","(a) constrained, $L=12$"
12,9,1,4,0.707,1,false,4.0,0.13782826699146414,"1, 4.0","(a) constrained, $L=12$"
12,9,1,4,0.707,1,false,5.0,0.33787037338494386,"1, 5.0","(a) constrained, $L=12$"
12,9,1,4,0.707,0,false,4.0,0.19657016211897604,"0, 4.0","(a) constrained, $L=12$"
12,9,1,4,0.707,2,false,4.0,0.23498224060887674,"2, 4.0","(a) constrained, $L=12$"
12,9,1,4,0.707,1,false,2.0,0.7196374983084303,"1, 2.0","(a) constrained, $L=12$"
12,9,1,4,0.707,0,false,0.0,1.0,"0, 0.0","(a) constrained, $L=12$"
12,9,1,4,0.803,1,false,4.0,0.1529234996350696,"1, 4.0","(a) constrained, $L=12$"
12,9,1,4,0.803,1,false,5.0,0.35553460300852036,"1, 5.0","(a) constrained, $L=12$"
12,9,1,4,0.803,0,false,4.0,0.21007247425965775,"0, 4.0","(a) constrained, $L=12$"
12,9,1,4,0.803,2,false,4.0,0.24601079990783886,"2, 4.0","(a) constrained, $L=12$"
12,9,1,4,0.803,1,false,2.0,0.7382166371049391,"1, 2.0","(a) constrained, $L=12$"
12,9,1,4,0.803,0,false,0.0,1.0,"0, 0.0","(a) constrained, $L=12$"
12,9,1,4,0.912,1,false,4.0,0.16620942909219266,"1, 4.0","(a) constrained, $L=12$"
12,9,1,4,0.912,1,false,5.0,0.3715979434239917,"1, 5.0","(a) constrained, $L=12$"
12,9,1,4,0.912,0,false,4.0,0.220637027906776,"0, 4.0","(a) constrained, $L=12$"
12,9,1,4,0.912,2,false,4.0,0.2569330015310264,"2, 4.0","(a) constrained, $L=12$"
12,9,1,4,0.912,1,false,2.0,0.7579935121309302,"1, 2.0","(a) constrained, $L=12$"
12,9,1,4,0.912,0,false,0.0,1.0,"0, 0.0","(a) constrained, $L=12$"
12,9,1,4,1.04,1,false,4.0,0.18322159838530866,"1, 4.0","(a) constrained, $L=12$"
12,9,1,4,1.04,1,false,5.0,0.38376609590651484,"1, 5.0","(a) constrained, $L=12$"
12,9,1,4,1.04,0,false,4.0,0.22898507190513984,"0, 4.0","(a) constrained, $L=12$"
12,9,1,4,1.04,2,false,4.0,0.2618087127298819,"2, 4.0","(a) constrained, $L=12$"
12,9,1,4,1.04,1,false,2.0,0.7772096033685462,"1, 2.0","(a) constrained, $L=12$"
12,9,1,4,1.04,0,false,0.0,1.0,"0, 0.0","(a) constrained, $L=12$"
12,9,1,4,1.18,1,false,4.0,0.1983897609641164,"1, 4.0","(a) constrained, $L=12$"
12,9,1,4,1.18,1,false,5.0,0.4057400171808138,"1, 5.0","(a) constrained, $L=12$"
12,9,1,4,1.18,0,false,4.0,0.24290087089804072,"0, 4.0","(a) constrained, $L=12$"
12,9,1,4,1.18,2,false,4.0,0.2738350369357179,"2, 4.0","(a) constrained, $L=12$"
12,9,1,4,1.18,1,false,2.0,0.7940279852951887,"1, 2.0","(a) constrained, $L=12$"
12,9,1,4,1.18,0,false,0.0,1.0,"0, 0.0","(a) constrained, $L=12$"
12,9,1,4,1.34,1,false,4.0,0.2233106046360177,"1, 4.0","(a) constrained, $L=12$"
12,9,1,4,1.34,1,false,5.0,0.4358333335759179,"1, 5.0","(a) constrained, $L=12$"
12,9,1,4,1.34,0,false,4.0,0.2629310610916966,"0, 4.0","(a) constrained, $L=12$"
12,9,1,4,1.34,2,false,4.0,0.293461514626349,"2, 4.0","(a) constrained, $L=12$"
12,9,1,4,1.34,1,false,2.0,0.809485238960429,"1, 2.0","(a) constrained, $L=12$"
12,9,1,4,1.34,0,false,0.0,1.0,"0, 0.0","(a) constrained, $L=12$"
12,9,1,4,1.52,1,false,4.0,0.2507788859023381,"1, 4.0","(a) constrained, $L=12$"
12,9,1,4,1.52,1,false,5.0,0.4437505666689188,"1, 5.0","(a) constrained, $L=12$"
12,9,1,4,1.52,0,false,4.0,0.28341209770078957,"0, 4.0","(a) constrained, $L=12$"
12,9,1,4,1.52,2,false,4.0,0.30405008448119164,"2, 4.0","(a) constrained, $L=12$"
12,9,1,4,1.52,1,false,2.0,0.8224648467090825,"1, 2.0","(a) constrained, $L=12$"
12,9,1,4,1.52,0,false,0.0,1.0,"0, 0.0","(a) constrained, $L=12$"
12,9,1,4,1.72,1,false,4.0,0.2728939977677111,"1, 4.0","(a) constrained, $L=12$"
12,9,1,4,1.72,1,false,5.0,0.4581950584771338,"1, 5.0","(a) constrained, $L=12$"
12,9,1,4,1.72,0,false,4.0,0.3110300878065821,"0, 4.0","(a) constrained, $L=12$"
12,9,1,4,1.72,2,false,4.0,0.3280823647014914,"2, 4.0","(a) constrained, $L=12$"
12,9,1,4,1.72,1,false,2.0,0.8347148282995297,"1, 2.0","(a) constrained, $L=12$"
12,9,1,4,1.72,0,false,0.0,1.0,"0, 0.0","(a) constrained, $L=12$"
12,9,1,4,1.96,1,false,4.0,0.29460640754262785,"1, 4.0","(a) constrained, $L=12$"
12,9,1,4,1.96,1,false,5.0,0.4667904639664569,"1, 5.0","(a) constrained, $L=12$"
12,9,1,4,1.96,0,false,4.0,0.3428969603971132,"0, 4.0","(a) constrained, $L=12$"
12,9,1,4,1.96,2,false,4.0,0.3472220738217715,"2, 4.0","(a) constrained, $L=12$"
12,9,1,4,1.96,1,false,2.0,0.845594452597342,"1, 2.0","(a) constrained, $L=12$"
12,9,1,4,1.96,0,false,0.0,1.0,"0, 0.0","(a) constrained, $L=12$"
12,9,1,4,2.22,1,false,4.0,0.3176780579972695,"1, 4.0","(a) constrained, $L=12$"
12,9,1,4,2.22,1,false,5.0,0.4671548659279781,"1, 5.0","(a) constrained, $L=12$"
12,9,1,4,2.22,0,false,4.0,0.37394921975673356,"0, 4.0","(a) constrained, $L=12$"
12,9,1,4,2.22,2,false,4.0,0.36674797166991274,"2, 4.0","(a) constrained, $L=12$"
12,9,1,4,2.22,1,false,2.0,0.852652541890151,"1, 2.0","(a) constrained, $L=12$"
12,9,1,4,2.22,0,false,0.0,1.0,"0, 0.0","(a) constrained, $L=12$"
12,9,1,4,2.52,1,false,4.0,0.34364639948510317,"1, 4.0","(a) constrained, $L=12$"
12,9,1,4,2.52,1,false,5.0,0.469320743578436,"1, 5.0","(a) constrained, $L=12$"
12,9,1,4,2.52,0,false,4.0,0.41522241852737907,"0, 4.0","(a) constrained, $L=12$"
12,9,1,4,2.52,2,false,4.0,0.40000021199944136,"2, 4.0","(a) constrained, $L=12$"
12,9,1,4,2.52,1,false,2.0,0.8590546078139333,"1, 2.0","(a) constrained, $L=12$"
12,9,1,4,2.52,0,false,0.0,1.0,"0, 0.0","(a) constrained, $L=12$"
12,9,1,4,2.87,1,false,4.0,0.3723251049235381,"1, 4.0","(a) constrained, $L=12$"
12,9,1,4,2.87,1,false,5.0,0.48435613747960315,"1, 5.0","(a) constrained, $L=12$"
12,9,1,4,2.87,0,false,4.0,0.45167109519146087,"0, 4.0","(a) constrained, $L=12$"
12,9,1,4,2.87,2,false,4.0,0.4203385395771848,"2, 4.0","(a) constrained, $L=12$"
12,9,1,4,2.87,1,false,2.0,0.8632509691057834,"1, 2.0","(a) constrained, $L=12$"
12,9,1,4,2.87,0,false,0.0,1.0,"0, 0.0","(a) constrained, $L=12$"
12,9,1,4,3.26,1,false,4.0,0.39799515237963085,"1, 4.0","(a) constrained, $L=12$"
12,9,1,4,3.26,1,false,5.0,0.49353467432941195,"1, 5.0","(a) constrained, $L=12$"
12,9,1,4,3.26,0,false,4.0,0.4926474124667077,"0, 4.0","(a) constrained, $L=12$"
12,9,1,4,3.26,2,false,4.0,0.44936352255305123,"2, 4.0","(a) constrained, $L=12$"
12,9,1,4,3.26,1,false,2.0,0.861961219566021,"1, 2.0","(a) constrained, $L=12$"
12,9,1,4,3.26,0,false,0.0,1.0,"0, 0.0","(a) constrained, $L=12$"
12,9,1,4,3.7,1,false,4.0,0.42170538121628215,"1, 4.0","(a) constrained, $L=12$"
12,9,1,4,3.7,1,false,5.0,0.5001845685875111,"1, 5.0","(a) constrained, $L=12$"
12,9,1,4,3.7,0,false,4.0,0.5292150429080225,"0, 4.0","(a) constrained, $L=12$"
12,9,1,4,3.7,2,false,4.0,0.4680997119705953,"2, 4.0","(a) constrained, $L=12$"
12,9,1,4,3.7,1,false,2.0,0.8593689978175341,"1, 2.0","(a) constrained, $L=12$"
12,9,1,4,3.7,0,false,0.0,1.0,"0, 0.0","(a) constrained, $L=12$"
12,9,1,4,4.2,1,false,4.0,0.44737839066053875,"1, 4.0","(a) constrained, $L=12$"
12,9,1,4,4.2,1,false,5.0,0.5127215734770686,"1, 5.0","(a) constrained, $L=12$"
12,9,1,4,4.2,0,false,4.0,0.5695312270862154,"0, 4.0","(a) constrained, $L=12$"
12,9,1,4,4.2,2,false,4.0,0.4910668212619791,"2, 4.0","(a) constrained, $L=12$"
12,9,1,4,4.2,1,false,2.0,0.8521616188655191,"1, 2.0","(a) constrained, $L=12$"
12,9,1,4,4.2,0,false,0.0,1.0,"0, 0.0","(a) constrained, $L=12$"
12,9,1,4,4.77,1,false,4.0,0.4782408126667762,"1, 4.0","(a) constrained, $L=12$"
12,9,1,4,4.77,1,false,5.0,0.5407393354089827,"1, 5.0","(a) constrained, $L=12$"
12,9,1,4,4.77,0,false,4.0,0.6093764490812625,"0, 4.0","(a) constrained, $L=12$"
12,9,1,4,4.77,2,false,4.0,0.5176309762718204,"2, 4.0","(a) constrained, $L=12$"
12,9,1,4,4.77,1,false,2.0,0.8418827197519856,"1, 2.0","(a) constrained, $L=12$"
12,9,1,4,4.77,0,false,0.0,1.0,"0, 0.0","(a) constrained, $L=12$"
12,9,1,4,5.42,1,false,4.0,0.5089188486600266,"1, 4.0","(a) constrained, $L=12$"
12,9,1,4,5.42,1,false,5.0,0.5517345529169126,"1, 5.0","(a) constrained, $L=12$"
12,9,1,4,5.42,0,false,4.0,0.6389219271921012,"0, 4.0","(a) constrained, $L=12$"
12,9,1,4,5.42,2,false,4.0,0.5432294793152795,"2, 4.0","(a) constrained, $L=12$"
12,9,1,4,5.42,1,false,2.0,0.8338209738419216,"1, 2.0","(a) constrained, $L=12$"
12,9,1,4,5.42,0,false,0.0,1.0,"0, 0.0","(a) constrained, $L=12$"
12,9,1,4,6.15,1,false,4.0,0.5595440860126873,"1, 4.0","(a) constrained, $L=12$"
12,9,1,4,6.15,1,false,5.0,0.572351704557582,"1, 5.0","(a) constrained, $L=12$"
12,9,1,4,6.15,0,false,4.0,0.6715277379614483,"0, 4.0","(a) constrained, $L=12$"
12,9,1,4,6.15,2,false,4.0,0.565547442091369,"2, 4.0","(a) constrained, $L=12$"
12,9,1,4,6.15,1,false,2.0,0.8317941433970859,"1, 2.0","(a) constrained, $L=12$"
12,9,1,4,6.15,0,false,0.0,1.0,"0, 0.0","(a) constrained, $L=12$"
12,9,1,4,6.99,1,false,4.0,0.6031388812316385,"1, 4.0","(a) constrained, $L=12$"
12,9,1,4,6.99,1,false,5.0,0.6060092140641891,"1, 5.0","(a) constrained, $L=12$"
12,9,1,4,6.99,0,false,4.0,0.7012602425395386,"0, 4.0","(a) constrained, $L=12$"
12,9,1,4,6.99,2,false,4.0,0.6051510074447194,"2, 4.0","(a) constrained, $L=12$"
12,9,1,4,6.99,1,false,2.0,0.8405927245750795,"1, 2.0","(a) constrained, $L=12$"
12,9,1,4,6.99,0,false,0.0,1.0,"0, 0.0","(a) constrained, $L=12$"
12,9,1,4,7.93,1,false,4.0,0.6404147367480495,"1, 4.0","(a) constrained, $L=12$"
12,9,1,4,7.93,1,false,5.0,0.6420315338831318,"1, 5.0","(a) constrained, $L=12$"
12,9,1,4,7.93,0,false,4.0,0.7314458553113714,"0, 4.0","(a) constrained, $L=12$"
12,9,1,4,7.93,2,false,4.0,0.6426537273610117,"2, 4.0","(a) constrained, $L=12$"
12,9,1,4,7.93,1,false,2.0,0.8454666422281844,"1, 2.0","(a) constrained, $L=12$"
12,9,1,4,7.93,0,false,0.0,1.0,"0, 0.0","(a) constrained, $L=12$"
12,9,1,4,9.01,1,false,4.0,0.669080223499022,"1, 4.0","(a) constrained, $L=12$"
12,9,1,4,9.01,1,false,5.0,0.6685312051692508,"1, 5.0","(a) constrained, $L=12$"
12,9,1,4,9.01,0,false,4.0,0.7548563299932416,"0, 4.0","(a) constrained, $L=12$"
12,9,1,4,9.01,2,false,4.0,0.6724634649710829,"2, 4.0","(a) constrained, $L=12$"
12,9,1,4,9.01,1,false,2.0,0.8537791941566238,"1, 2.0","(a) constrained, $L=12$"
12,9,1,4,9.01,0,false,0.0,1.0,"0, 0.0","(a) constrained, $L=12$"
12,9,1,4,10.2,1,false,4.0,0.6973507959771275,"1, 4.0","(a) constrained, $L=12$"
12,9,1,4,10.2,1,false,5.0,0.6911601243532666,"1, 5.0","(a) constrained, $L=12$"
12,9,1,4,10.2,0,false,4.0,0.7729706223789827,"0, 4.0","(a) constrained, $L=12$"
12,9,1,4,10.2,2,false,4.0,0.6952396624063231,"2, 4.0","(a) constrained, $L=12$"
12,9,1,4,10.2,1,false,2.0,0.8640942288204906,"1, 2.0","(a) constrained, $L=12$"
12,9,1,4,10.2,0,false,0.0,1.0,"0, 0.0","(a) constrained, $L=12$"
12,9,1,4,11.6,1,false,4.0,0.7328733906076693,"1, 4.0","(a) constrained, $L=12$"
12,9,1,4,11.6,1,false,5.0,0.7174877890989234,"1, 5.0","(a) constrained, $L=12$"
12,9,1,4,11.6,0,false,4.0,0.7971939010028568,"0, 4.0","(a) constrained, $L=12$"
12,9,1,4,11.6,2,false,4.0,0.7313620062252467,"2, 4.0","(a) constrained, $L=12$"
12,9,1,4,11.6,1,false,2.0,0.8799980997903815,"1, 2.0","(a) constrained, $L=12$"
12,9,1,4,11.6,0,false,0.0,1.0,"0, 0.0","(a) constrained, $L=12$"
12,9,1,4,13.2,1,false,4.0,0.7619528854864981,"1, 4.0","(a) constrained, $L=12$"
12,9,1,4,13.2,1,false,5.0,0.7386880523083867,"1, 5.0","(a) constrained, $L=12$"
12,9,1,4,13.2,0,false,4.0,0.8148112790321234,"0, 4.0","(a) constrained, $L=12$"
12,9,1,4,13.2,2,false,4.0,0.7449302205424515,"2, 4.0","(a) constrained, $L=12$"
12,9,1,4,13.2,1,false,2.0,0.8892432455911206,"1, 2.0","(a) constrained, $L=12$"
12,9,1,4,13.2,0,false,0.0,1.0,"0, 0.0","(a) constrained, $L=12$"
12,9,1,4,15.0,1,false,4.0,0.785668417452936,"1, 4.0","(a) constrained, $L=12$"
12,9,1,4,15.0,1,false,5.0,0.7593962803247817,"1, 5.0","(a) constrained, $L=12$"
12,9,1,4,15.0,0,false,4.0,0.831509636262678,"0, 4.0","(a) constrained, $L=12$"
12,9,1,4,15.0,2,false,4.0,0.774687982483148,"2, 4.0","(a) constrained, $L=12$"
12,9,1,4,15.0,1,false,2.0,0.902015215362498,"1, 2.0","(a) constrained, $L=12$"
12,9,1,4,15.0,0,false,0.0,1.0,"0, 0.0","(a) constrained, $L=12$"
12,9,1,4,17.0,1,false,4.0,0.8103355457492184,"1, 4.0","(a) constrained, $L=12$"
12,9,1,4,17.0,1,false,5.0,0.7853735478909888,"1, 5.0","(a) constrained, $L=12$"
12,9,1,4,17.0,0,false,4.0,0.8438125750688944,"0, 4.0","(a) constrained, $L=12$"
12,9,1,4,17.0,2,false,4.0,0.7966849699217036,"2, 4.0","(a) constrained, $L=12$"
12,9,1,4,17.0,1,false,2.0,0.9095434941843221,"1, 2.0","(a) constrained, $L=12$"
12,9,1,4,17.0,0,false,0.0,1.0,"0, 0.0","(a) constrained, $L=12$"
12,9,1,4,19.3,1,false,4.0,0.8321509486502978,"1, 4.0","(a) constrained, $L=12$"
12,9,1,4,19.3,1,false,5.0,0.8134015593694689,"1, 5.0","(a) constrained, $L=12$"
12,9,1,4,19.3,0,false,4.0,0.8625613596089705,"0, 4.0","(a) constrained, $L=12$"
12,9,1,4,19.3,2,false,4.0,0.8230957742286268,"2, 4.0","(a) constrained, $L=12$"
12,9,1,4,19.3,1,false,2.0,0.9217922977755376,"1, 2.0","(a) constrained, $L=12$"
12,9,1,4,19.3,0,false,0.0,1.0,"0, 0.0","(a) constrained, $L=12$"
12,9,1,4,22.0,1,false,4.0,0.8508383510241763,"1, 4.0","(a) constrained, $L=12$"
12,9,1,4,22.0,1,false,5.0,0.8338148015010202,"1, 5.0","(a) constrained, $L=12$"
12,9,1,4,22.0,0,false,4.0,0.876744246006322,"0, 4.0","(a) constrained, $L=12$"
12,9,1,4,22.0,2,false,4.0,0.8441018979689253,"2, 4.0","(a) constrained, $L=12$"
12,9,1,4,22.0,1,false,2.0,0.9297846026874741,"1, 2.0","(a) constrained, $L=12$"
12,9,1,4,22.0,0,false,0.0,1.0,"0, 0.0","(a) constrained, $L=12$"
12,9,1,4,24.9,1,false,4.0,0.866379583252667,"1, 4.0","(a) constrained, $L=12$"
12,9,1,4,24.9,1,false,5.0,0.8506404439784833,"1, 5.0","(a) constrained, $L=12$"
12,9,1,4,24.9,0,false,4.0,0.8877233402759682,"0, 4.0","(a) constrained, $L=12$"
12,9,1,4,24.9,2,false,4.0,0.8558096617062962,"2, 4.0","(a) constrained, $L=12$"
12,9,1,4,24.9,1,false,2.0,0.9375802063212585,"1, 2.0","(a) constrained, $L=12$"
12,9,1,4,24.9,0,false,0.0,1.0,"0, 0.0","(a) constrained, $L=12$"
12,9,1,4,28.3,1,false,4.0,0.8809930104880217,"1, 4.0","(a) constrained, $L=12$"
12,9,1,4,28.3,1,false,5.0,0.8647903449286595,"1, 5.0","(a) constrained, $L=12$"
12,9,1,4,28.3,0,false,4.0,0.899352817559981,"0, 4.0","(a) constrained, $L=12$"
12,9,1,4,28.3,2,false,4.0,0.8709864940640681,"2, 4.0","(a) constrained, $L=12$"
12,9,1,4,28.3,1,false,2.0,0.9447267779833243,"1, 2.0","(a) constrained, $L=12$"
12,9,1,4,28.3,0,false,0.0,1.0,"0, 0.0","(a) constrained, $L=12$"
12,9,1,4,32.2,1,false,4.0,0.8972450349871212,"1, 4.0","(a) constrained, $L=12$"
12,9,1,4,32.2,1,false,5.0,0.8817991945927133,"1, 5.0","(a) constrained, $L=12$"
12,9,1,4,32.2,0,false,4.0,0.9106073300418226,"0, 4.0","(a) constrained, $L=12$"
12,9,1,4,32.2,2,false,4.0,0.8837156458719264,"2, 4.0","(a) constrained, $L=12$"
12,9,1,4,32.2,1,false,2.0,0.9527282582323138,"1, 2.0","(a) constrained, $L=12$"
12,9,1,4,32.2,0,false,0.0,1.0,"0, 0.0","(a) constrained, $L=12$"
12,9,1,4,36.5,1,false,4.0,0.9132360241253963,"1, 4.0","(a) constrained, $L=12$"
12,9,1,4,36.5,1,false,5.0,0.8928191985315425,"1, 5.0","(a) constrained, $L=12$"
12,9,1,4,36.5,0,false,4.0,0.9185556141093741,"0, 4.0","(a) constrained, $L=12$"
12,9,1,4,36.5,2,false,4.0,0.8953965680319256,"2, 4.0","(a) constrained, $L=12$"
12,9,1,4,36.5,1,false,2.0,0.9555446903359555,"1, 2.0","(a) constrained, $L=12$"
12,9,1,4,36.5,0,false,0.0,1.0,"0, 0.0","(a) constrained, $L=12$"
12,9,1,4,41.5,1,false,4.0,0.9197537670826272,"1, 4.0","(a) constrained, $L=12$"
12,9,1,4,41.5,1,false,5.0,0.9008633552067347,"1, 5.0","(a) constrained, $L=12$"
12,9,1,4,41.5,0,false,4.0,0.9259026007964349,"0, 4.0","(a) constrained, $L=12$"
12,9,1,4,41.5,2,false,4.0,0.906787297738216,"2, 4.0","(a) constrained, $L=12$"
12,9,1,4,41.5,1,false,2.0,0.957499217885077,"1, 2.0","(a) constrained, $L=12$"
12,9,1,4,41.5,0,false,0.0,1.0,"0, 0.0","(a) constrained, $L=12$"
12,9,1,4,47.1,1,false,4.0,0.9288520064230145,"1, 4.0","(a) constrained, $L=12$"
12,9,1,4,47.1,1,false,5.0,0.9131133472729388,"1, 5.0","(a) constrained, $L=12$"
12,9,1,4,47.1,0,false,4.0,0.9333816013969023,"0, 4.0","(a) constrained, $L=12$"
12,9,1,4,47.1,2,false,4.0,0.9133546104753852,"2, 4.0","(a) constrained, $L=12$"
12,9,1,4,47.1,1,false,2.0,0.9627953834043246,"1, 2.0","(a) constrained, $L=12$"
12,9,1,4,47.1,0,false,0.0,1.0,"0, 0.0","(a) constrained, $L=12$"
12,9,1,4,53.5,1,false,4.0,0.9348186088574756,"1, 4.0","(a) constrained, $L=12$"
12,9,1,4,53.5,1,false,5.0,0.9222236722660144,"1, 5.0","(a) constrained, $L=12$"
12,9,1,4,53.5,0,false,4.0,0.9420637858778188,"0, 4.0","(a) constrained, $L=12$"
12,9,1,4,53.5,2,false,4.0,0.9222845900621098,"2, 4.0","(a) constrained, $L=12$"
12,9,1,4,53.5,1,false,2.0,0.9661536330446576,"1, 2.0","(a) constrained, $L=12$"
12,9,1,4,53.5,0,false,0.0,1.0,"0, 0.0","(a) constrained, $L=12$"
12,9,1,4,60.8,1,false,4.0,0.9420922130593791,"1, 4.0","(a) constrained, $L=12$"
12,9,1,4,60.8,1,false,5.0,0.930526766687582,"1, 5.0","(a) constrained, $L=12$"
12,9,1,4,60.8,0,false,4.0,0.9481737135512058,"0, 4.0","(a) constrained, $L=12$"
12,9,1,4,60.8,2,false,4.0,0.9330222107580981,"2, 4.0","(a) constrained, $L=12$"
12,9,1,4,60.8,1,false,2.0,0.9693649218786108,"1, 2.0","(a) constrained, $L=12$"
12,9,1,4,60.8,0,false,0.0,1.0,"0, 0.0","(a) constrained, $L=12$"
12,9,1,4,69.1,1,false,4.0,0.9479993854807742,"1, 4.0","(a) constrained, $L=12$"
12,9,1,4,69.1,1,false,5.0,0.9367186378550209,"1, 5.0","(a) constrained, $L=12$"
12,9,1,4,69.1,0,false,4.0,0.9516952548401284,"0, 4.0","(a) constrained, $L=12$"
12,9,1,4,69.1,2,false,4.0,0.9413635662897359,"2, 4.0","(a) constrained, $L=12$"
12,9,1,4,69.1,1,false,2.0,0.9703439670503456,"1, 2.0","(a) constrained, $L=12$"
12,9,1,4,69.1,0,false,0.0,1.0,"0, 0.0","(a) constrained, $L=12$"
12,9,1,4,78.4,1,false,4.0,0.9516342075412094,"1, 4.0","(a) constrained, $L=12$"
12,9,1,4,78.4,1,false,5.0,0.9415145810360912,"1, 5.0","(a) constrained, $L=12$"
12,9,1,4,78.4,0,false,4.0,0.9556391507927449,"0, 4.0","(a) constrained, $L=12$"
12,9,1,4,78.4,2,false,4.0,0.947604397076262,"2, 4.0","(a) constrained, $L=12$"
12,9,1,4,78.4,1,false,2.0,0.9729300486352496,"1, 2.0","(a) constrained, $L=12$"
12,9,1,4,78.4,0,false,0.0,1.0,"0, 0.0","(a) constrained, $L=12$"
12,9,1,4,89.1,1,false,4.0,0.953069212613052,"1, 4.0","(a) constrained, $L=12$"
12,9,1,4,89.1,1,false,5.0,0.9443906745595909,"1, 5.0","(a) constrained, $L=12$"
12,9,1,4,89.1,0,false,4.0,0.9583654795877553,"0, 4.0","(a) constrained, $L=12$"
12,9,1,4,89.1,2,false,4.0,0.9501861640534278,"2, 4.0","(a) constrained, $L=12$"
12,9,1,4,89.1,1,false,2.0,0.9737858034560746,"1, 2.0","(a) constrained, $L=12$"
12,9,1,4,89.1,0,false,0.0,1.0,"0, 0.0","(a) constrained, $L=12$"
12,9,1,4,101.0,1,false,4.0,0.9594052285135302,"1, 4.0","(a) constrained, $L=12$"
12,9,1,4,101.0,1,false,5.0,0.9503546523455915,"1, 5.0","(a) constrained, $L=12$"
12,9,1,4,101.0,0,false,4.0,0.9634995580042597,"0, 4.0","(a) constrained, $L=12$"
12,9,1,4,101.0,2,false,4.0,0.956173799941098,"2, 4.0","(a) constrained, $L=12$"
12,9,1,4,101.0,1,false,2.0,0.9771705386361934,"1, 2.0","(a) constrained, $L=12$"
12,9,1,4,101.0,0,false,0.0,1.0,"0, 0.0","(a) constrained, $L=12$"
12,9,1,4,115.0,1,false,4.0,0.9626336675744047,"1, 4.0","(a) constrained, $L=12$"
12,9,1,4,115.0,1,false,5.0,0.9537994082270729,"1, 5.0","(a) constrained, $L=12$"
12,9,1,4,115.0,0,false,4.0,0.9672987963345501,"0, 4.0","(a) constrained, $L=12$"
12,9,1,4,115.0,2,false,4.0,0.9611282364469058,"2, 4.0","(a) constrained, $L=12$"
12,9,1,4,115.0,1,false,2.0,0.9800482557095481,"1, 2.0","(a) constrained, $L=12$"
12,9,1,4,115.0,0,false,0.0,1.0,"0, 0.0","(a) constrained, $L=12$"
12,9,1,4,130.0,1,false,4.0,0.9688531156178359,"1, 4.0","(a) constrained, $L=12$"
12,9,1,4,130.0,1,false,5.0,0.9603649279698117,"1, 5.0","(a) constrained, $L=12$"
12,9,1,4,130.0,0,false,4.0,0.9722122358436192,"0, 4.0","(a) constrained, $L=12$"
12,9,1,4,130.0,2,false,4.0,0.9674192361343502,"2, 4.0","(a) constrained, $L=12$"
12,9,1,4,130.0,1,false,2.0,0.9832341022331518,"1, 2.0","(a) constrained, $L=12$"
12,9,1,4,130.0,0,false,0.0,1.0,"0, 0.0","(a) constrained, $L=12$"
12,9,1,4,148.0,1,false,4.0,0.9731872316421558,"1, 4.0","(a) constrained, $L=12$"
12,9,1,4,148.0,1,false,5.0,0.9642648841978324,"1, 5.0","(a) constrained, $L=12$"
12,9,1,4,148.0,0,false,4.0,0.9745965323697151,"0, 4.0","(a) constrained, $L=12$"
12,9,1,4,148.0,2,false,4.0,0.9718789183160212,"2, 4.0","(a) constrained, $L=12$"
12,9,1,4,148.0,1,false,2.0,0.9840083956889621,"1, 2.0","(a) constrained, $L=12$"
12,9,1,4,148.0,0,false,0.0,1.0,"0, 0.0","(a) constrained, $L=12$"
12,9,1,4,168.0,1,false,4.0,0.977080100041404,"1, 4.0","(a) constrained, $L=12$"
12,9,1,4,168.0,1,false,5.0,0.9694312513172576,"1, 5.0","(a) constrained, $L=12$"
12,9,1,4,168.0,0,false,4.0,0.9777676414464506,"0, 4.0","(a) constrained, $L=12$"
12,9,1,4,168.0,2,false,4.0,0.974969880813059,"2, 4.0","(a) constrained, $L=12$"
12,9,1,4,168.0,1,false,2.0,0.9854565594978031,"1, 2.0","(a) constrained, $L=12$"
12,9,1,4,168.0,0,false,0.0,1.0,"0, 0.0","(a) constrained, $L=12$"
12,9,1,4,191.0,1,false,4.0,0.9802384842926767,"1, 4.0","(a) constrained, $L=12$"
12,9,1,4,191.0,1,false,5.0,0.9722268800154339,"1, 5.0","(a) constrained, $L=12$"
12,9,1,4,191.0,0,false,4.0,0.980466256952554,"0, 4.0","(a) constrained, $L=12$"
12,9,1,4,191.0,2,false,4.0,0.976961621003887,"2, 4.0","(a) constrained, $L=12$"
12,9,1,4,191.0,1,false,2.0,0.9873674057214159,"1, 2.0","(a) constrained, $L=12$"
12,9,1,4,191.0,0,false,0.0,1.0,"0, 0.0","(a) constrained, $L=12$"
12,9,1,4,217.0,1,false,4.0,0.9825444287540606,"1, 4.0","(a) constrained, $L=12$"
12,9,1,4,217.0,1,false,5.0,0.9762381533267485,"1, 5.0","(a) constrained, $L=12$"
12,9,1,4,217.0,0,false,4.0,0.9834064740835449,"0, 4.0","(a) constrained, $L=12$"
12,9,1,4,217.0,2,false,4.0,0.9790506209809205,"2, 4.0","(a) constrained, $L=12$"
12,9,1,4,217.0,1,false,2.0,0.9893397075384056,"1, 2.0","(a) constrained, $L=12$"
12,9,1,4,217.0,0,false,0.0,1.0,"0, 0.0","(a) constrained, $L=12$"
12,9,1,4,247.0,1,false,4.0,0.9840085196310608,"1, 4.0","(a) constrained, $L=12$"
12,9,1,4,247.0,1,false,5.0,0.9784647387011509,"1, 5.0","(a) constrained, $L=12$"
12,9,1,4,247.0,0,false,4.0,0.9850564483533485,"0, 4.0","(a) constrained, $L=12$"
12,9,1,4,247.0,2,false,4.0,0.9801609982504417,"2, 4.0","(a) constrained, $L=12$"
12,9,1,4,247.0,1,false,2.0,0.9910113463103073,"1, 2.0","(a) constrained, $L=12$"
12,9,1,4,247.0,0,false,0.0,1.0,"0, 0.0","(a) constrained, $L=12$"
12,9,1,4,280.0,1,false,4.0,0.986471221561384,"1, 4.0","(a) constrained, $L=12$"
12,9,1,4,280.0,1,false,5.0,0.9806747647341039,"1, 5.0","(a) constrained, $L=12$"
12,9,1,4,280.0,0,false,4.0,0.987042519119925,"0, 4.0","(a) constrained, $L=12$"
12,9,1,4,280.0,2,false,4.0,0.9829494276181466,"2, 4.0","(a) constrained, $L=12$"
12,9,1,4,280.0,1,false,2.0,0.9925495596778474,"1, 2.0","(a) constrained, $L=12$"
12,9,1,4,280.0,0,false,0.0,1.0,"0, 0.0","(a) constrained, $L=12$"
12,9,1,4,318.0,1,false,4.0,0.9875649521638251,"1, 4.0","(a) constrained, $L=12$"
12,9,1,4,318.0,1,false,5.0,0.9832499673677227,"1, 5.0","(a) constrained, $L=12$"
12,9,1,4,318.0,0,false,4.0,0.9891199439704803,"0, 4.0","(a) constrained, $L=12$"
12,9,1,4,318.0,2,false,4.0,0.9843813026147364,"2, 4.0","(a) constrained, $L=12$"
12,9,1,4,318.0,1,false,2.0,0.9940972062101981,"1, 2.0","(a) constrained, $L=12$"
12,9,1,4,318.0,0,false,0.0,1.0,"0, 0.0","(a) constrained, $L=12$"
12,9,1,4,361.0,1,false,4.0,0.9881345096685874,"1, 4.0","(a) constrained, $L=12$"
12,9,1,4,361.0,1,false,5.0,0.9841335344257035,"1, 5.0","(a) constrained, $L=12$"
12,9,1,4,361.0,0,false,4.0,0.9904777125818333,"0, 4.0","(a) constrained, $L=12$"
12,9,1,4,361.0,2,false,4.0,0.9848483881934735,"2, 4.0","(a) constrained, $L=12$"
12,9,1,4,361.0,1,false,2.0,0.994969652138844,"1, 2.0","(a) constrained, $L=12$"
12,9,1,4,361.0,0,false,0.0,1.0,"0, 0.0","(a) constrained, $L=12$"
12,9,1,4,410.0,1,false,4.0,0.989019696266708,"1, 4.0","(a) constrained, $L=12$"
12,9,1,4,410.0,1,false,5.0,0.985285729702553,"1, 5.0","(a) constrained, $L=12$"
12,9,1,4,410.0,0,false,4.0,0.9912504238338109,"0, 4.0","(a) constrained, $L=12$"
12,9,1,4,410.0,2,false,4.0,0.9871090588252377,"2, 4.0","(a) constrained, $L=12$"
12,9,1,4,410.0,1,false,2.0,0.9955946273731103,"1, 2.0","(a) constrained, $L=12$"
12,9,1,4,410.0,0,false,0.0,1.0,"0, 0.0","(a) constrained, $L=12$"
12,9,1,4,466.0,1,false,4.0,0.989893971881419,"1, 4.0","(a) constrained, $L=12$"
12,9,1,4,466.0,1,false,5.0,0.9866333024784095,"1, 5.0","(a) constrained, $L=12$"
12,9,1,4,466.0,0,false,4.0,0.9920491569073134,"0, 4.0","(a) constrained, $L=12$"
12,9,1,4,466.0,2,false,4.0,0.9876131230221558,"2, 4.0","(a) constrained, $L=12$"
12,9,1,4,466.0,1,false,2.0,0.9957572509865459,"1, 2.0","(a) constrained, $L=12$"
12,9,1,4,466.0,0,false,0.0,1.0,"0, 0.0","(a) constrained, $L=12$"
12,9,1,4,529.0,1,false,4.0,0.9910999988027617,"1, 4.0","(a) constrained, $L=12$"
12,9,1,4,529.0,1,false,5.0,0.9887077559506164,"1, 5.0","(a) constrained, $L=12$"
12,9,1,4,529.0,0,false,4.0,0.9925978526584041,"0, 4.0","(a) constrained, $L=12$"
12,9,1,4,529.0,2,false,4.0,0.9899936744393308,"2, 4.0","(a) constrained, $L=12$"
12,9,1,4,529.0,1,false,2.0,0.9958196907163371,"1, 2.0","(a) constrained, $L=12$"
12,9,1,4,529.0,0,false,0.0,1.0,"0, 0.0","(a) constrained, $L=12$"
12,9,1,4,601.0,1,false,4.0,0.9924250688263837,"1, 4.0","(a) constrained, $L=12$"
12,9,1,4,601.0,1,false,5.0,0.9903887056826801,"1, 5.0","(a) constrained, $L=12$"
12,9,1,4,601.0,0,false,4.0,0.993140132450337,"0, 4.0","(a) constrained, $L=12$"
12,9,1,4,601.0,2,false,4.0,0.9913186737887011,"2, 4.0","(a) constrained, $L=12$"
12,9,1,4,601.0,1,false,2.0,0.9958918448627666,"1, 2.0","(a) constrained, $L=12$"
12,9,1,4,601.0,0,false,0.0,1.0,"0, 0.0","(a) constrained, $L=12$"
12,9,1,4,683.0,1,false,4.0,0.9936544970642662,"1, 4.0","(a) constrained, $L=12$"
12,9,1,4,683.0,1,false,5.0,0.9919241419912127,"1, 5.0","(a) constrained, $L=12$"
12,9,1,4,683.0,0,false,4.0,0.9934985924229238,"0, 4.0","(a) constrained, $L=12$"
12,9,1,4,683.0,2,false,4.0,0.992440262229889,"2, 4.0","(a) constrained, $L=12$"
12,9,1,4,683.0,1,false,2.0,0.9957907978516234,"1, 2.0","(a) constrained, $L=12$"
12,9,1,4,683.0,0,false,0.0,1.0,"0, 0.0","(a) constrained, $L=12$"
12,9,1,4,775.0,1,false,4.0,0.9946397201937276,"1, 4.0","(a) constrained, $L=12$"
12,9,1,4,775.0,1,false,5.0,0.9931907986874701,"1, 5.0","(a) constrained, $L=12$"
12,9,1,4,775.0,0,false,4.0,0.9938325410393524,"0, 4.0","(a) constrained, $L=12$"
12,9,1,4,775.0,2,false,4.0,0.9934418017689632,"2, 4.0","(a) constrained, $L=12$"
12,9,1,4,775.0,1,false,2.0,0.9957383050603213,"1, 2.0","(a) constrained, $L=12$"
12,9,1,4,775.0,0,false,0.0,1.0,"0, 0.0","(a) constrained, $L=12$"
12,9,1,4,880.0,1,false,4.0,0.9953849426905461,"1, 4.0","(a) constrained, $L=12$"
12,9,1,4,880.0,1,false,5.0,0.9941755472684479,"1, 5.0","(a) constrained, $L=12$"
12,9,1,4,880.0,0,false,4.0,0.9946798604203625,"0, 4.0","(a) constrained, $L=12$"
12,9,1,4,880.0,2,false,4.0,0.9942744713712679,"2, 4.0","(a) constrained, $L=12$"
12,9,1,4,880.0,1,false,2.0,0.9963688896569547,"1, 2.0","(a) constrained, $L=12$"
12,9,1,4,880.0,0,false,0.0,1.0,"0, 0.0","(a) constrained, $L=12$"
12,9,1,4,1000.0,1,false,4.0,0.9959387821536484,"1, 4.0","(a) constrained, $L=12$"
12,9,1,4,1000.0,1,false,5.0,0.9949376719657707,"1, 5.0","(a) constrained, $L=12$"
12,9,1,4,1000.0,0,false,4.0,0.9955372319072173,"0, 4.0","(a) constrained, $L=12$"
12,9,1,4,1000.0,2,false,4.0,0.994985705597616,"2, 4.0","(a) constrained, $L=12$"
12,9,1,4,1000.0,1,false,2.0,0.9970669378292001,"1, 2.0","(a) constrained, $L=12$"
12,9,1,4,1000.0,0,false,0.0,1.0,"0, 0.0","(a) constrained, $L=12$"
